timestamp,charging,soc_pct,current_a,power_w
2026-01-01T00:00:00,true,36.84,0.0,
2026-01-01T00:05:05,true,37.36,6.5,
2026-01-01T00:10:11,true,37.90,6.5,
2026-01-01T00:15:16,true,38.46,6.5,
2026-01-01T00:20:20,true,38.98,6.5,
2026-01-01T00:25:26,true,39.56,6.5,
2026-01-01T00:30:32,true,40.10,6.5,
2026-01-01T00:35:38,true,40.66,6.5,
2026-01-01T00:40:44,true,41.22,6.8,
2026-01-01T00:45:51,true,41.80,6.8,
2026-01-01T00:49:32,true,42.18,0.0,
2026-01-02T00:00:00,true,21.12,0.0,
2026-01-02T00:05:04,true,21.66,6.6,
2026-01-02T00:10:08,true,22.20,6.6,
2026-01-02T00:15:11,true,22.76,6.7,
2026-01-02T00:20:15,true,23.34,6.7,
2026-01-02T00:25:19,true,23.90,6.7,
2026-01-02T00:30:25,true,24.48,6.7,
2026-01-02T00:34:40,true,24.94,6.6,
2026-01-03T00:00:00,true,36.16,0.0,
2026-01-03T00:05:06,true,36.68,6.7,
2026-01-03T00:10:12,true,37.20,6.5,
2026-01-03T00:15:18,true,37.72,6.5,
2026-01-03T00:20:24,true,38.52,6.5,
2026-01-03T00:25:29,true,38.76,6.7,
2026-01-03T00:30:36,true,39.30,6.5,
2026-01-03T00:33:25,true,39.56,0.0,
2026-01-04T00:00:00,true,40.34,0.0,
2026-01-04T00:05:06,true,40.86,6.5,
2026-01-04T00:10:13,true,41.40,6.4,
2026-01-04T00:15:19,true,41.94,6.4,
2026-01-04T00:20:25,true,42.74,6.7,
2026-01-04T00:25:32,true,43.32,6.6,
2026-01-04T00:30:38,true,43.86,6.6,
2026-01-04T00:35:44,true,44.40,6.7,
2026-01-04T00:40:51,true,44.94,6.7,
2026-01-04T00:45:56,true,45.50,6.7,
2026-01-04T00:51:02,true,46.04,6.7,
2026-01-04T00:56:08,true,46.58,6.7,
2026-01-04T00:58:17,true,46.78,0.0,
2026-01-05T00:00:00,true,46.60,5.9,1145
2026-01-05T00:05:08,true,46.78,5.9,1145
2026-01-05T00:10:16,true,47.20,5.9,1152
2026-01-05T00:15:16,true,47.16,5.9,1154
2026-01-05T00:20:23,true,47.34,5.9,1154
2026-01-05T00:25:23,true,47.52,5.8,1143
2026-01-05T00:30:23,true,47.70,5.8,1142
2026-01-05T00:35:24,true,48.08,5.8,1143
2026-01-05T00:40:24,true,48.26,5.8,1145
2026-01-05T00:45:25,true,48.24,5.8,1140
2026-01-05T00:50:25,true,48.40,5.9,1145
2026-01-05T00:52:52,true,48.50,5.0,920
2026-01-06T00:00:00,true,47.74,0.0,1
2026-01-06T00:05:00,true,48.00,7.6,1592
2026-01-06T00:10:00,true,48.28,7.6,1594
2026-01-06T00:15:01,true,48.56,7.6,1597
2026-01-06T00:20:01,true,48.84,7.6,1590
2026-01-06T00:25:08,true,49.16,7.6,1584
2026-01-06T00:30:08,true,49.44,7.6,1588
2026-01-06T00:35:08,true,49.72,7.6,1595
2026-01-06T00:40:08,true,50.00,7.6,1588
2026-01-06T00:45:08,true,50.28,7.6,1584
2026-01-06T00:50:08,true,50.56,7.6,1587
2026-01-06T00:55:08,true,50.84,7.6,1588
2026-01-06T01:00:08,true,51.16,7.6,1589
2026-01-06T01:05:08,true,51.44,7.6,1589
2026-01-06T01:10:08,true,51.72,7.6,1593
2026-01-06T01:15:08,true,52.00,7.6,1590
2026-01-06T01:20:15,true,52.28,7.6,1584
2026-01-06T01:25:15,true,52.56,7.6,1587
2026-01-06T01:30:16,true,52.84,7.6,1593
2026-01-06T01:35:48,true,53.18,7.6,1592
2026-01-06T01:40:48,true,53.46,7.6,1590
2026-01-06T01:45:48,true,53.72,7.6,1580
2026-01-06T01:50:56,true,54.00,7.6,1582
2026-01-06T01:56:03,true,54.28,7.6,1578
2026-01-06T02:01:03,true,54.54,7.6,1583
2026-01-06T02:06:03,true,54.80,7.6,1583
2026-01-06T02:11:03,true,55.04,7.6,1578
2026-01-06T02:16:03,true,55.32,7.6,1589
2026-01-06T02:21:04,true,55.54,7.6,1584
2026-01-06T02:26:04,true,55.78,7.5,1581
2026-01-06T02:31:04,true,56.02,7.6,1584
2026-01-06T02:36:04,true,56.26,7.6,1583
2026-01-06T02:41:04,true,56.48,7.6,1592
2026-01-06T02:46:04,true,56.72,7.6,1594
2026-01-06T02:51:05,true,56.94,7.6,1594
2026-01-06T02:56:13,true,57.20,7.6,1594
2026-01-06T03:01:13,true,57.42,7.6,1594
2026-01-06T03:06:20,true,57.66,7.6,1593
2026-01-06T03:11:20,true,57.88,7.6,1591
2026-01-06T03:16:20,true,58.12,7.6,1589
2026-01-06T03:21:20,true,58.34,7.6,1595
2026-01-06T03:26:20,true,58.58,7.6,1589
2026-01-06T03:31:20,true,58.80,7.6,1588
2026-01-06T03:36:20,true,59.04,7.6,1590
2026-01-06T03:41:20,true,59.28,7.6,1586
2026-01-06T03:46:20,true,59.50,7.6,1598
2026-01-06T03:51:20,true,59.74,7.6,1590
2026-01-06T03:56:20,true,59.96,7.6,1600
2026-01-06T04:01:20,true,60.20,7.6,1596
2026-01-06T04:06:20,true,60.42,7.5,1570
2026-01-06T04:11:20,true,60.66,7.5,1563
2026-01-06T04:16:22,true,60.88,7.5,1578
2026-01-06T04:21:22,true,61.14,7.5,1577
2026-01-06T04:26:22,true,61.36,7.6,1570
2026-01-06T04:31:23,true,61.58,7.6,1572
2026-01-06T04:36:23,true,61.80,7.6,1567
2026-01-06T04:41:23,true,62.04,7.6,1571
2026-01-06T04:46:23,true,62.26,7.5,1569
2026-01-06T04:51:24,true,62.48,7.5,1580
2026-01-06T04:56:24,true,62.72,7.5,1574
2026-01-06T05:01:24,true,62.94,7.5,1574
2026-01-06T05:06:24,true,63.20,7.5,1577
2026-01-06T05:11:24,true,63.42,7.5,1576
2026-01-06T05:16:24,true,63.66,7.5,1580
2026-01-06T05:21:24,true,63.90,7.6,1578
2026-01-06T05:26:24,true,64.14,7.5,1579
2026-01-06T05:27:53,true,64.22,7.5,1579
2026-01-07T00:00:00,true,18.56,0.0,2
2026-01-07T00:05:00,true,18.84,7.6,1606
2026-01-07T00:10:00,true,19.16,7.7,1615
2026-01-07T00:15:00,true,19.44,7.7,1606
2026-01-07T00:20:01,true,19.74,7.7,1603
2026-01-07T00:25:01,true,20.04,7.7,1602
2026-01-07T00:30:01,true,20.32,7.7,1602
2026-01-07T00:35:02,true,20.62,7.7,1601
2026-01-07T00:40:02,true,20.92,7.6,1601
2026-01-07T00:45:03,true,21.24,7.6,1595
2026-01-07T00:50:03,true,21.54,7.7,1607
2026-01-07T00:54:22,true,21.80,7.7,1604
2026-01-08T00:00:00,true,23.76,7.7,1608
2026-01-08T00:05:04,true,24.08,7.7,1609
2026-01-08T00:10:04,true,24.40,7.7,1608
2026-01-08T00:15:04,true,24.72,7.7,1609
2026-01-08T00:20:05,true,25.02,7.7,1603
2026-01-08T00:25:12,true,25.36,7.7,1604
2026-01-08T00:30:12,true,25.68,7.7,1604
2026-01-08T00:35:12,true,26.00,7.7,1605
2026-01-08T00:40:13,true,26.32,7.6,1592
2026-01-08T00:44:08,true,26.56,7.6,1591
2026-01-09T00:00:00,true,27.88,9.3,2012
2026-01-09T00:05:00,true,28.28,9.3,2021
2026-01-09T00:10:00,true,28.70,9.3,2024
2026-01-09T00:15:00,true,29.10,9.3,2023
2026-01-09T00:20:00,true,29.50,9.3,2031
2026-01-09T00:25:00,true,29.90,9.3,2033
2026-01-09T00:30:00,true,30.30,9.3,2023
2026-01-09T00:35:01,true,30.68,9.3,2023
2026-01-09T00:40:01,true,31.08,9.3,2027
2026-01-09T00:45:01,true,31.50,9.4,2038
2026-01-09T00:50:01,true,31.90,9.4,2036
2026-01-09T00:55:02,true,32.28,9.4,2040
2026-01-09T01:00:02,true,32.70,9.4,2043
2026-01-09T01:05:03,true,33.10,9.4,2040
2026-01-09T01:10:05,true,33.52,9.3,2044
2026-01-09T01:15:08,true,33.92,9.4,2044
2026-01-09T01:19:03,true,34.22,9.4,2051
2026-01-10T00:00:00,true,35.76,9.4,2044
2026-01-10T00:05:08,true,36.50,9.4,2041
2026-01-10T00:10:08,true,36.94,9.4,2047
2026-01-10T00:15:09,true,37.42,9.4,2043
2026-01-10T00:20:10,true,37.86,9.4,2026
2026-01-10T00:25:11,true,38.32,9.4,2032
2026-01-10T00:30:16,true,38.78,9.4,2037
2026-01-10T00:35:19,true,39.24,9.4,2040
2026-01-10T00:40:22,true,39.70,9.4,2039
2026-01-10T00:45:22,true,40.18,9.4,2045
2026-01-10T00:50:23,true,40.64,9.4,2038
2026-01-10T00:55:23,true,41.12,9.4,2041
2026-01-10T01:00:23,true,41.58,9.4,2052
2026-01-10T01:05:23,true,42.04,9.4,2042
2026-01-10T01:10:23,true,42.50,9.4,2031
2026-01-10T01:15:23,true,42.96,9.4,2036
2026-01-10T01:20:23,true,43.44,9.4,2047
2026-01-10T01:25:24,true,43.90,9.4,2043
2026-01-10T01:30:24,true,44.36,9.4,2044
2026-01-10T01:35:25,true,44.82,9.4,2047
2026-01-10T01:40:27,true,45.32,9.4,2048
2026-01-10T01:45:29,true,45.78,9.4,2043
2026-01-10T01:50:30,true,46.26,9.4,2040
2026-01-10T01:55:30,true,46.72,9.4,2035
2026-01-10T02:00:30,true,47.22,9.4,2038
2026-01-10T02:05:31,true,47.68,9.4,2044
2026-01-10T02:10:31,true,48.14,9.4,2036
2026-01-10T02:15:31,true,48.60,9.4,2041
2026-01-10T02:20:31,true,49.06,9.3,2022
2026-01-10T02:25:31,true,49.54,9.3,2022
2026-01-10T02:30:31,true,50.00,9.3,2026
2026-01-10T02:35:32,true,50.46,9.3,2028
2026-01-10T02:40:40,true,50.94,9.3,2025
2026-01-10T02:45:47,true,51.42,9.3,2020
2026-01-10T02:50:47,true,51.84,9.4,2026
2026-01-10T02:55:47,true,52.28,9.3,2026
2026-01-10T03:00:47,true,52.70,9.3,2024
2026-01-10T03:05:48,true,53.14,9.3,2023
2026-01-10T03:10:49,true,53.54,9.3,2027
2026-01-10T03:15:50,true,53.92,9.3,2027
2026-01-10T03:20:50,true,54.30,9.3,2034
2026-01-10T03:25:50,true,54.66,9.3,2036
2026-01-10T03:30:51,true,55.00,9.3,2036
2026-01-10T03:35:51,true,55.32,9.3,2037
2026-01-10T03:40:52,true,55.64,9.3,2036
2026-01-10T03:45:53,true,55.92,9.3,2036
2026-01-10T03:50:54,true,56.22,9.3,2041
2026-01-10T03:55:54,true,56.50,9.4,2036
2026-01-10T04:00:54,true,56.78,9.3,2028
2026-01-10T04:05:55,true,57.10,9.3,2043
2026-01-10T04:10:55,true,57.38,9.4,2049
2026-01-10T04:15:56,true,57.68,9.4,2047
2026-01-10T04:20:56,true,57.96,9.4,2046
2026-01-10T04:25:56,true,58.26,9.4,2050
2026-01-10T04:30:56,true,58.56,9.5,2052
2026-01-10T04:36:21,true,58.88,9.5,2045
2026-01-10T04:41:21,true,59.20,9.4,2052
2026-01-10T04:46:21,true,59.50,9.5,2056
2026-01-10T04:51:21,true,59.80,9.5,2059
2026-01-10T04:56:22,true,60.12,9.3,2004
2026-01-10T05:01:23,true,60.42,9.3,2010
2026-01-10T05:06:23,true,60.74,9.3,2014
2026-01-10T05:11:23,true,61.06,9.3,2014
2026-01-10T05:16:23,true,61.38,9.3,2014
2026-01-10T05:21:24,true,61.70,9.3,2012
2026-01-10T05:26:26,true,62.00,9.2,1996
2026-01-10T05:31:34,true,62.34,9.2,1988
2026-01-10T05:36:34,true,62.66,9.3,1997
2026-01-10T05:41:35,true,63.00,9.3,2010
2026-01-10T05:46:43,true,63.36,9.3,2017
2026-01-10T05:46:59,true,63.38,9.3,2008
2026-01-11T00:00:00,true,62.06,0.0,1
2026-01-11T00:05:00,true,62.32,7.7,1614
2026-01-11T00:10:00,true,62.60,7.6,1608
2026-01-11T00:15:00,true,62.88,7.7,1616
2026-01-11T00:20:01,true,63.18,7.6,1608
2026-01-11T00:25:09,true,63.48,7.6,1604
2026-01-11T00:30:09,true,63.78,7.6,1614
2026-01-11T00:35:10,true,64.06,7.6,1615
2026-01-11T00:40:11,true,64.36,7.6,1617
2026-01-11T00:45:12,true,64.64,7.6,1622
2026-01-11T00:50:13,true,64.96,7.6,1617
2026-01-11T00:55:15,true,65.18,7.6,1609
2026-01-11T01:00:15,true,65.56,7.6,1614
2026-01-11T01:05:15,true,65.88,7.6,1622
2026-01-11T01:10:17,true,66.10,7.6,1617
2026-01-11T01:15:18,true,66.40,7.6,1626
2026-01-11T01:20:22,true,66.70,7.6,1631
2026-01-11T01:25:23,true,67.02,7.6,1616
2026-01-11T01:30:25,true,67.34,7.6,1612
2026-01-11T01:35:25,true,67.64,7.4,1568
2026-01-11T01:40:25,true,67.94,7.4,1580
2026-01-11T01:45:02,true,68.22,7.5,1590
2026-01-12T00:00:00,true,70.00,0.0,2
2026-01-12T00:05:01,true,70.30,7.5,1579
2026-01-12T00:10:01,true,70.56,7.4,1592
2026-01-12T00:15:01,true,70.84,7.5,1589
2026-01-12T00:20:01,true,71.14,7.4,1583
2026-01-12T00:25:01,true,71.42,7.5,1571
2026-01-12T00:30:03,true,71.76,7.5,1570
2026-01-12T00:34:00,true,71.98,7.4,1595
2026-01-13T00:00:00,true,26.70,7.5,1582
2026-01-13T00:05:12,true,27.02,7.6,1576
2026-01-13T00:10:28,true,27.36,7.6,1588
2026-01-13T00:15:42,true,27.68,7.6,1593
2026-01-13T00:20:57,true,28.00,7.6,1567
2026-01-13T00:26:12,true,28.34,7.6,1581
2026-01-13T00:30:41,true,28.58,7.6,1581
2026-01-14T00:00:00,true,51.12,7.5,1567
2026-01-14T00:05:19,true,51.42,7.5,1580
2026-01-14T00:10:36,true,51.74,7.5,1567
2026-01-14T00:15:51,true,52.04,7.4,1559
2026-01-14T00:21:06,true,52.34,7.4,1566
2026-01-14T00:26:21,true,52.64,7.4,1562
2026-01-14T00:31:36,true,52.94,7.4,1565
2026-01-14T00:36:51,true,53.26,7.5,1564
2026-01-14T00:39:50,true,53.42,7.4,1569
2026-01-15T00:00:00,true,53.46,7.5,1573
2026-01-15T00:05:15,true,53.78,7.4,1570
2026-01-15T00:10:30,true,54.08,7.4,1571
2026-01-15T00:15:44,true,54.36,7.5,1558
2026-01-15T00:20:59,true,54.66,7.5,1578
2026-01-15T00:26:14,true,54.96,7.5,1552
2026-01-15T00:31:29,true,55.26,7.5,1563
2026-01-15T00:36:45,true,55.54,7.5,1572
2026-01-15T00:41:59,true,55.84,7.5,1567
2026-01-15T00:47:14,true,56.12,7.5,1574
2026-01-15T00:52:30,true,56.40,7.5,1573
2026-01-15T00:57:45,true,56.68,7.5,1566
2026-01-15T01:03:00,true,56.98,7.5,1570
2026-01-15T01:08:15,true,57.26,7.5,1562
2026-01-15T01:13:31,true,57.54,7.5,1565
2026-01-15T01:18:46,true,57.80,7.5,1574
2026-01-15T01:24:01,true,58.10,7.5,1559
2026-01-15T01:29:17,true,58.38,7.4,1557
2026-01-15T01:34:32,true,58.64,7.5,1574
2026-01-15T01:39:48,true,58.92,7.4,1569
2026-01-15T01:45:03,true,59.22,7.5,1564
2026-01-15T01:50:19,true,59.50,7.5,1562
2026-01-15T01:55:34,true,59.78,7.5,1566
2026-01-15T02:00:49,true,60.04,7.5,1578
2026-01-15T02:06:05,true,60.32,7.5,1561
2026-01-15T02:11:20,true,60.60,7.5,1559
2026-01-15T02:16:35,true,60.86,7.4,1552
2026-01-15T02:21:51,true,61.14,7.4,1547
2026-01-15T02:27:07,true,61.42,7.4,1547
2026-01-15T02:32:22,true,61.68,7.4,1538
2026-01-15T02:37:37,true,61.94,7.4,1555
2026-01-15T02:42:52,true,62.20,7.4,1542
2026-01-15T02:46:14,true,62.38,7.4,1542
2026-01-16T00:00:00,true,62.42,7.4,1551
2026-01-16T00:05:15,true,62.70,7.4,1552
2026-01-16T00:10:30,true,62.96,7.4,1554
2026-01-16T00:15:46,true,63.24,7.4,1547
2026-01-16T00:21:03,true,63.50,7.4,1543
2026-01-16T00:26:18,true,63.78,7.4,1542
2026-01-16T00:31:32,true,64.04,7.4,1558
2026-01-16T00:36:50,true,64.30,7.4,1555
2026-01-16T00:42:06,true,64.58,7.5,1546
2026-01-16T00:47:21,true,64.86,7.5,1564
2026-01-16T00:52:37,true,65.14,7.5,1564
2026-01-16T00:57:51,true,65.42,7.5,1552
2026-01-16T01:03:07,true,65.68,7.5,1558
2026-01-16T01:08:22,true,65.98,7.5,1549
2026-01-16T01:13:37,true,66.26,7.5,1559
2026-01-16T01:18:56,true,66.54,7.5,1560
2026-01-16T01:24:12,true,66.82,7.5,1556
2026-01-16T01:29:22,true,67.14,7.5,1566
2026-01-16T01:34:38,true,67.44,7.5,1562
2026-01-16T01:39:53,true,67.74,7.5,1561
2026-01-16T01:45:08,true,68.04,7.5,1566
2026-01-16T01:50:24,true,68.34,7.5,1558
2026-01-16T01:55:34,true,68.64,7.5,1569
2026-01-16T02:00:44,true,68.92,7.5,1570
2026-01-16T02:05:59,true,69.24,7.5,1553
2026-01-16T02:11:15,true,69.56,7.5,1558
2026-01-16T02:16:29,true,69.86,7.5,1554
2026-01-16T02:21:44,true,70.14,0.0,1
2026-01-16T02:27:00,true,70.34,7.3,1526
2026-01-16T02:32:15,true,70.58,7.3,1512
2026-01-16T02:37:30,true,70.82,7.3,1522
2026-01-16T02:42:45,true,71.10,7.3,1527
2026-01-16T02:46:07,true,71.28,7.3,1529
2026-01-17T00:00:00,true,22.48,9.4,2054
2026-01-17T00:05:02,true,22.86,9.5,2048
2026-01-17T00:10:04,true,23.30,9.4,2046
2026-01-17T00:15:06,true,23.70,9.4,2055
2026-01-17T00:20:07,true,24.10,9.5,2060
2026-01-17T00:25:09,true,24.52,9.4,2044
2026-01-17T00:30:10,true,24.92,9.3,2012
2026-01-17T00:35:31,true,25.36,9.3,2010
2026-01-17T00:40:33,true,25.76,9.4,2004
2026-01-17T00:45:36,true,26.16,9.3,1995
2026-01-17T00:50:37,true,26.56,9.3,2008
2026-01-17T00:55:40,true,26.58,9.3,1993
2026-01-17T01:00:43,true,26.98,9.2,2014
2026-01-17T01:05:44,true,27.40,9.2,2021
2026-01-17T01:10:48,true,27.80,9.2,2004
2026-01-17T01:15:50,true,28.18,9.3,2000
2026-01-17T01:20:52,true,28.54,9.3,1994
2026-01-17T01:25:57,true,28.92,9.3,1984
2026-01-17T01:30:59,true,29.32,9.3,2002
2026-01-17T01:36:01,true,29.70,9.3,2004
2026-01-17T01:41:03,true,30.08,9.3,1991
2026-01-17T01:46:04,true,30.44,9.3,2000
2026-01-17T01:51:06,true,30.82,9.3,1989
2026-01-17T01:56:07,true,31.22,9.3,1990
2026-01-17T02:01:08,true,31.60,9.3,1987
2026-01-17T02:06:09,true,31.98,9.3,2000
2026-01-17T02:11:09,true,32.34,9.3,1995
2026-01-17T02:16:11,true,32.72,9.3,1993
2026-01-17T02:21:13,true,33.12,9.3,2000
2026-01-17T02:26:15,true,33.52,9.3,2002
2026-01-17T02:31:19,true,33.90,9.2,1986
2026-01-17T02:36:24,true,34.28,9.2,2004
2026-01-17T02:41:28,true,34.66,9.2,1998
2026-01-17T02:46:31,true,35.04,9.3,2014
2026-01-17T02:51:33,true,35.44,9.3,2019
2026-01-17T02:56:38,true,35.84,9.2,2006
2026-01-17T03:01:43,true,36.22,9.2,2014
2026-01-17T03:06:46,true,36.60,9.3,2022
2026-01-17T03:09:07,true,36.78,9.2,2027
2026-01-18T00:00:00,true,36.84,9.3,2007
2026-01-18T00:05:05,true,37.24,9.3,1996
2026-01-18T00:10:08,true,37.64,9.2,2006
2026-01-18T00:15:19,true,38.04,9.3,2011
2026-01-18T00:20:23,true,38.42,9.3,2012
2026-01-18T00:25:26,true,38.82,9.3,2008
2026-01-18T00:30:30,true,39.24,9.2,2007
2026-01-18T00:35:34,true,39.64,9.3,2012
2026-01-18T00:40:38,true,40.04,9.3,2011
2026-01-18T00:45:43,true,40.46,9.3,2021
2026-01-18T00:50:46,true,40.84,9.3,2007
2026-01-18T00:55:56,true,41.30,9.3,2030
2026-01-18T01:00:58,true,41.70,9.3,2022
2026-01-18T01:06:07,true,42.10,9.3,2015
2026-01-18T01:11:11,true,42.52,9.3,2020
2026-01-18T01:16:38,true,42.94,9.3,2000
2026-01-18T01:21:42,true,43.38,9.3,2009
2026-01-18T01:26:43,true,43.78,9.3,2018
2026-01-18T01:31:43,true,44.18,9.2,2010
2026-01-18T01:36:45,true,44.60,9.3,2014
2026-01-18T01:41:48,true,45.00,9.2,1994
2026-01-18T01:47:07,true,45.44,9.2,1992
2026-01-18T01:52:07,true,45.86,9.2,1998
2026-01-18T01:57:10,true,46.26,9.2,2006
2026-01-18T02:02:10,true,46.68,9.2,2002
2026-01-18T02:07:12,true,47.10,9.2,2001
2026-01-18T02:12:14,true,47.50,9.3,2008
2026-01-18T02:17:16,true,47.92,9.3,1997
2026-01-19T00:00:00,true,53.54,1.0,6
2026-01-19T00:05:04,true,54.06,12.1,2678
2026-01-19T00:10:19,true,54.62,12.4,2750
2026-01-19T00:15:35,true,55.22,12.5,2767
2026-01-19T00:20:50,true,55.78,12.6,2798
2026-01-19T00:26:05,true,56.38,12.5,2773
2026-01-19T00:31:19,true,56.94,12.4,2772
2026-01-19T00:34:20,true,57.32,12.5,2780
2026-01-20T00:00:00,true,60.68,12.4,2773
2026-01-20T00:05:15,true,61.28,12.5,2766
2026-01-20T00:10:31,true,61.84,12.4,2781
2026-01-20T00:15:46,true,62.42,12.5,2769
2026-01-20T00:21:01,true,63.00,12.3,2701
2026-01-20T00:26:18,true,63.58,12.6,2776
2026-01-20T00:31:33,true,64.14,12.3,2719
2026-01-20T00:36:48,true,64.70,12.3,2711
2026-01-20T00:42:04,true,65.28,12.3,2710
2026-01-20T00:47:21,true,65.86,12.2,2701
2026-01-20T00:49:14,true,66.06,12.4,2740
2026-01-21T00:00:00,true,68.18,12.5,2781
2026-01-21T00:05:15,true,68.76,12.5,2751
2026-01-21T00:10:30,true,69.36,12.5,2780
2026-01-21T00:15:46,true,69.96,12.5,2777
2026-01-21T00:21:00,true,70.52,12.5,2774
2026-01-21T00:26:14,true,71.12,12.5,2766
2026-01-21T00:31:29,true,71.70,12.5,2744
2026-01-21T00:36:45,true,72.28,12.5,2775
2026-01-21T00:38:15,true,72.44,12.5,2771
2026-01-22T00:00:00,true,23.94,12.3,2672
2026-01-22T00:05:13,true,24.10,12.2,2686
2026-01-22T00:10:27,true,24.66,12.3,2697
2026-01-22T00:15:42,true,25.62,12.5,2753
2026-01-22T00:20:57,true,26.20,12.3,2712
2026-01-22T00:26:13,true,26.76,12.3,2677
2026-01-22T00:31:29,true,27.34,12.2,2673
2026-01-22T00:36:43,true,27.52,12.5,2741
2026-01-22T00:41:57,true,28.08,12.3,2670
2026-01-22T00:47:12,true,28.62,12.4,2675
2026-01-22T00:52:27,true,29.20,12.4,2676
2026-01-22T00:57:41,true,29.74,12.4,2677
2026-01-22T01:02:52,true,30.28,12.3,2690
2026-01-22T01:08:07,true,30.82,12.3,2690
2026-01-22T01:08:30,true,30.86,12.2,2672
2026-01-23T00:00:00,true,27.50,12.5,2769
2026-01-23T00:05:16,true,28.08,12.2,2668
2026-01-23T00:10:31,true,28.64,12.2,2667
2026-01-23T00:15:46,true,29.22,12.5,2712
2026-01-23T00:21:06,true,29.78,12.1,2652
2026-01-23T00:26:21,true,30.34,12.1,2659
2026-01-23T00:31:43,true,30.90,12.1,2652
2026-01-23T00:36:58,true,31.46,12.5,2751
2026-01-23T00:41:58,true,31.98,12.5,2739
2026-01-23T00:47:15,true,32.56,12.2,2655
2026-01-23T00:52:32,true,33.12,12.1,2652
2026-01-23T00:57:47,true,33.68,12.1,2657
2026-01-23T01:03:04,true,34.24,12.3,2678
2026-01-23T01:03:49,true,34.32,12.2,2671
2026-01-24T00:00:00,true,34.38,12.2,2660
2026-01-24T00:05:19,true,34.94,12.4,2687
2026-01-24T00:10:35,true,35.52,12.3,2665
2026-01-24T00:15:51,true,36.08,12.2,2656
2026-01-24T00:21:08,true,36.88,12.2,2658
2026-01-24T00:26:28,true,37.46,12.2,2668
2026-01-24T00:31:43,true,38.00,12.4,2679
2026-01-24T00:36:59,true,38.60,12.4,2735
2026-01-24T00:42:14,true,39.20,12.5,2735
2026-01-24T00:47:30,true,39.78,12.2,2677
2026-01-24T00:52:45,true,40.36,12.3,2692
2026-01-24T00:58:01,true,40.92,12.4,2751
2026-01-24T01:03:16,true,41.54,12.5,2753
2026-01-24T01:08:31,true,42.12,12.5,2769
2026-01-24T01:13:49,true,42.72,12.5,2757
2026-01-24T01:19:04,true,43.32,12.5,2760
2026-01-24T01:20:12,true,43.44,12.5,2770
2026-01-25T00:00:00,true,43.52,12.4,2746
2026-01-25T00:05:15,true,44.12,12.4,2783
2026-01-25T00:10:30,true,44.74,12.4,2753
2026-01-25T00:15:46,true,45.34,12.3,2704
2026-01-25T00:21:02,true,45.92,12.1,2654
2026-01-25T00:26:17,true,46.50,12.5,2767
2026-01-25T00:31:29,true,47.10,12.5,2754
2026-01-25T00:36:44,true,47.70,12.4,2725
2026-01-25T00:41:59,true,48.30,12.3,2747
2026-01-26T00:00:00,true,52.32,12.3,2760
2026-01-26T00:05:16,true,52.94,12.4,2769
2026-01-26T00:10:27,true,53.56,12.5,2757
2026-01-26T00:15:42,true,54.20,12.5,2774
2026-01-26T00:20:58,true,54.82,12.3,2742
2026-01-26T00:26:16,true,55.42,12.6,2790
2026-01-26T00:31:31,true,56.04,12.4,2754
2026-01-26T00:36:47,true,56.62,12.4,2758
2026-01-26T00:42:03,true,57.22,12.4,2773
2026-01-26T00:47:18,true,57.80,12.4,2763
2026-01-26T00:52:34,true,58.38,12.4,2760
2026-01-26T00:57:50,true,58.96,12.5,2791
2026-01-26T01:03:11,true,59.58,12.5,2778
2026-01-26T01:08:26,true,60.18,12.5,2779
2026-01-26T01:13:41,true,60.74,12.5,2760
2026-01-26T01:16:19,true,61.06,12.6,2808
2026-01-27T00:00:00,true,60.42,10.8,2617
2026-01-27T00:05:14,true,60.94,12.1,2680
2026-01-27T00:10:29,true,61.54,12.0,2669
2026-01-27T00:15:43,true,62.24,12.4,2728
2026-01-27T00:20:58,true,62.66,12.4,2753
2026-01-27T00:26:13,true,63.26,12.6,2792
2026-01-27T00:31:28,true,63.84,12.6,2786
2026-01-27T00:36:43,true,64.42,12.4,2749
2026-01-27T00:41:58,true,65.02,12.5,2782
2026-01-27T00:47:13,true,65.60,12.6,2788
2026-01-27T00:52:28,true,66.18,12.4,2733
2026-01-27T00:57:43,true,66.76,12.7,2768
2026-01-27T01:02:58,true,67.36,12.6,2784
2026-01-27T01:08:12,true,67.94,12.5,2768
2026-01-27T01:13:28,true,68.54,12.5,2770
2026-01-27T01:18:43,true,69.12,12.4,2710
2026-01-27T01:23:59,true,69.72,12.2,2687
2026-01-27T01:29:14,true,70.28,12.2,2660
2026-01-27T01:34:29,true,70.86,12.5,2764
2026-01-27T01:39:46,true,71.44,12.3,2720
2026-01-27T01:45:00,true,72.02,12.2,2687
2026-01-27T01:50:16,true,72.58,12.2,2709
2026-01-27T01:55:31,true,73.16,12.2,2670
2026-01-27T02:00:46,true,73.74,12.5,2758
2026-01-27T02:06:00,true,74.32,12.2,2658
2026-01-27T02:11:15,true,74.88,12.5,2759
2026-01-27T02:12:46,true,75.06,0.0,0
2026-01-28T00:00:00,true,42.44,12.4,2669
2026-01-28T00:05:21,true,43.02,12.4,2732
2026-01-28T00:10:36,true,43.64,12.2,2656
2026-01-28T00:15:52,true,44.20,12.1,2659
2026-01-28T00:21:07,true,44.78,12.2,2662
2026-01-28T00:26:23,true,45.34,12.5,2756
2026-01-28T00:31:38,true,45.94,12.3,2656
2026-01-28T00:36:54,true,46.50,12.2,2669
2026-01-28T00:42:10,true,47.10,12.2,2679
2026-01-28T00:47:25,true,47.66,12.3,2674
2026-01-28T00:52:42,true,48.24,12.2,2663
2026-01-28T00:57:57,true,48.80,12.3,2686
2026-01-28T01:03:15,true,49.40,12.2,2663
2026-01-28T01:08:31,true,49.96,12.3,2657
2026-01-28T01:13:46,true,50.74,12.2,2648
2026-01-28T01:19:02,true,51.32,12.2,2671
2026-01-28T01:24:18,true,51.90,12.2,2652
2026-01-28T01:29:34,true,52.44,12.3,2678
2026-01-28T01:34:50,true,53.02,12.2,2658
2026-01-28T01:40:06,true,53.60,12.2,2672
2026-01-28T01:45:23,true,54.16,12.2,2677
2026-01-28T01:49:11,true,54.54,12.2,2671
2026-01-29T00:00:00,true,59.66,12.5,2762
2026-01-29T00:05:15,true,60.22,12.6,2801
2026-01-29T00:10:30,true,60.78,12.2,2675
2026-01-29T00:15:45,true,61.34,12.2,2680
2026-01-29T00:21:00,true,61.90,12.5,2764
2026-01-29T00:26:16,true,62.44,12.5,2774
2026-01-29T00:31:33,true,63.02,12.5,2763
2026-01-29T00:36:04,true,63.52,12.4,2768
2026-01-30T00:00:00,true,65.24,11.8,2585
2026-01-30T00:05:15,true,65.78,11.8,2572
2026-01-30T00:10:32,true,66.30,12.4,2700
2026-01-30T00:15:48,true,66.88,12.4,2727
2026-01-30T00:21:07,true,67.48,12.7,2742
2026-01-30T00:26:23,true,68.06,12.5,2802
2026-01-30T00:31:38,true,68.62,12.2,2653
2026-01-30T00:36:53,true,69.22,12.6,2794
2026-01-30T00:42:09,true,69.78,12.6,2785
2026-01-30T00:47:24,true,70.38,12.6,2796
2026-01-30T00:52:41,true,70.94,12.7,2787
2026-01-30T00:57:55,true,71.68,12.6,2764
2026-01-30T01:03:11,true,72.12,12.7,2795
2026-01-30T01:08:27,true,72.70,12.2,2675
2026-01-30T01:13:42,true,73.26,12.2,2681
2026-01-30T01:15:57,true,73.62,12.3,2717
2026-01-31T00:00:00,true,25.80,12.4,2693
2026-01-31T00:05:00,true,26.34,12.3,2680
2026-01-31T00:10:02,true,26.88,12.2,2663
2026-01-31T00:15:04,true,27.46,12.5,2708
2026-01-31T00:20:22,true,28.00,12.4,2690
2026-01-31T00:25:45,true,28.56,12.4,2685
2026-01-31T00:30:51,true,29.10,12.3,2696
2026-01-31T00:35:52,true,29.62,12.5,2694
2026-01-31T00:40:52,true,30.14,12.4,2690
2026-01-31T00:45:55,true,30.66,12.3,2691
2026-01-31T00:50:57,true,31.20,12.3,2682
2026-01-31T00:55:57,true,31.72,12.3,2699
2026-01-31T01:01:01,true,32.24,12.5,2700
2026-01-31T01:06:24,true,32.80,12.4,2694
2026-01-31T01:11:24,true,33.66,12.4,2696
2026-01-31T01:16:25,true,33.86,12.4,2685
2026-01-31T01:21:26,true,34.70,12.4,2692
2026-01-31T01:26:49,true,35.28,12.3,2690
2026-01-31T01:32:11,true,35.84,12.4,2714
2026-01-31T01:37:12,true,36.38,12.5,2784
2026-01-31T01:42:15,true,36.94,12.6,2809
2026-01-31T01:47:16,true,37.50,12.6,2805
2026-01-31T01:52:17,true,38.04,12.7,2812
2026-01-31T01:57:19,true,38.60,12.5,2787
2026-01-31T02:02:22,true,39.16,12.3,2691
2026-01-31T02:07:25,true,39.70,12.4,2696
2026-01-31T02:12:27,true,40.24,12.4,2702
2026-01-31T02:17:30,true,40.78,12.4,2712
2026-01-31T02:22:31,true,41.34,12.3,2691
2026-01-31T02:27:35,true,41.90,12.3,2697
2026-01-31T02:32:37,true,42.44,12.7,2811
2026-01-31T02:36:29,true,42.88,12.7,2790
2026-02-01T00:00:00,true,52.86,12.0,2681
2026-02-01T00:05:14,true,53.44,12.0,2652
2026-02-01T00:10:30,true,54.00,12.3,2748
2026-02-01T00:15:44,true,54.60,12.3,2753
2026-02-01T00:20:59,true,55.20,12.3,2767
2026-02-01T00:27:05,true,55.86,12.5,2774
2026-02-01T00:32:19,true,56.46,12.3,2768
2026-02-01T00:37:34,true,57.02,12.3,2764
2026-02-01T00:42:48,true,57.64,12.4,2784
2026-02-01T00:48:02,true,58.20,12.2,2758
2026-02-01T00:53:17,true,58.80,12.4,2760
2026-02-01T00:58:31,true,59.38,12.5,2757
2026-02-01T01:03:46,true,59.96,12.6,2777
2026-02-01T01:09:00,true,60.54,12.6,2774
2026-02-01T01:14:15,true,61.14,12.2,2689
2026-02-01T01:15:45,true,61.30,12.3,2677
2026-02-02T00:00:00,true,74.20,12.3,2712
2026-02-02T00:05:21,true,74.74,12.3,2702
2026-02-02T00:10:39,true,75.32,11.7,2564
2026-02-02T00:15:52,true,75.86,12.4,2697
2026-02-02T00:21:10,true,76.42,12.6,2760
2026-02-02T00:26:33,true,77.00,12.7,2791
2026-02-02T00:31:51,true,77.62,12.6,2705
2026-02-02T00:37:08,true,78.16,12.4,2699
2026-02-02T00:42:26,true,78.74,12.7,2800
2026-02-02T00:48:13,true,79.38,12.4,2736
2026-02-02T00:53:29,true,79.96,12.5,2770
2026-02-02T00:58:49,true,80.54,12.6,2762
2026-02-02T01:04:06,true,81.14,12.6,2796
2026-02-02T01:09:28,true,81.72,12.4,2743
2026-02-02T01:14:49,true,82.12,12.5,2734
2026-02-02T01:20:02,true,82.38,12.6,2739
2026-02-02T01:25:23,true,82.66,12.4,2721
2026-02-02T01:30:46,true,82.98,12.6,2776
2026-02-02T01:36:05,true,83.44,12.5,2771
2026-02-02T01:41:25,true,83.98,12.5,2773
2026-02-02T01:43:11,true,84.20,12.5,2772
2026-02-03T00:00:00,true,47.10,12.4,2768
2026-02-03T00:05:19,true,47.90,12.4,2772
2026-02-03T00:10:32,true,48.50,12.4,2768
2026-02-03T00:15:46,true,49.10,12.5,2786
2026-02-03T00:21:04,true,49.70,12.6,2783
2026-02-03T00:26:21,true,50.32,12.5,2766
2026-02-03T00:31:36,true,50.90,12.4,2779
2026-02-03T00:33:49,true,51.16,12.5,2765
2026-02-04T00:00:00,true,57.54,12.2,2668
2026-02-04T00:05:07,true,58.08,12.3,2667
2026-02-04T00:10:24,true,58.62,12.3,2673
2026-02-04T00:15:41,true,59.20,12.4,2659
2026-02-04T00:21:00,true,59.76,12.3,2674
2026-02-04T00:26:15,true,60.32,12.3,2664
2026-02-04T00:31:37,true,61.06,12.7,2796
2026-02-04T00:36:54,true,61.64,12.2,2696
2026-02-04T00:42:13,true,62.20,12.3,2677
2026-02-04T00:47:29,true,62.76,12.2,2670
2026-02-04T00:52:43,true,63.32,12.2,2660
2026-02-04T00:57:57,true,63.90,12.6,2790
2026-02-04T01:03:17,true,64.48,12.6,2790
2026-02-04T01:08:24,true,65.06,12.4,2773
2026-02-04T01:13:27,true,65.64,12.4,2778
2026-02-04T01:18:37,true,66.24,12.4,2775
2026-02-04T01:23:49,true,66.80,12.3,2768
2026-02-04T01:28:59,true,67.42,12.4,2769
2026-02-04T01:34:16,true,68.02,12.4,2770
2026-02-04T01:39:32,true,68.62,12.4,2769
2026-02-04T01:44:44,true,69.24,12.5,2767
2026-02-04T01:49:49,true,69.80,12.6,2779
2026-02-04T01:54:57,true,70.38,12.6,2771
2026-02-04T02:00:14,true,70.96,12.6,2776
2026-02-04T02:05:29,true,71.58,12.4,2762
2026-02-04T02:10:39,true,72.16,12.3,2758
2026-02-04T02:11:06,true,72.20,12.3,2750
2026-02-05T00:00:00,true,73.08,11.9,2605
2026-02-05T00:05:19,true,73.62,12.2,2673
2026-02-05T00:10:41,true,74.20,12.1,2655
2026-02-05T00:16:00,true,74.76,12.3,2704
2026-02-05T00:21:23,true,75.36,12.4,2739
2026-02-05T00:26:44,true,75.94,12.5,2760
2026-02-05T00:32:07,true,76.54,12.3,2672
2026-02-05T00:33:26,true,76.68,12.7,2770
2026-02-06T00:00:00,true,77.56,12.5,2772
2026-02-06T00:05:19,true,78.16,12.5,2773
2026-02-06T00:10:37,true,78.74,12.5,2778
2026-02-06T00:16:24,true,79.40,12.6,2780
2026-02-06T00:21:43,true,79.98,12.5,2758
2026-02-06T00:26:43,true,80.54,12.5,2763
2026-02-06T00:31:10,true,81.06,12.6,2781
2026-02-07T00:00:00,true,43.92,12.2,2691
2026-02-07T00:05:19,true,44.66,12.4,2755
2026-02-07T00:10:37,true,45.30,12.4,2766
2026-02-07T00:15:53,true,45.88,12.4,2763
2026-02-07T00:21:02,true,46.48,12.5,2759
2026-02-07T00:26:05,true,47.02,12.5,2752
2026-02-07T00:31:27,true,47.66,12.3,2709
2026-02-07T00:36:36,true,48.22,12.1,2662
2026-02-07T00:41:45,true,49.00,12.2,2667
2026-02-07T00:47:08,true,49.60,12.6,2777
2026-02-07T00:52:11,true,50.16,12.5,2759
2026-02-07T00:57:14,true,50.72,12.6,2780
2026-02-07T01:02:29,true,51.32,12.3,2665
2026-02-07T01:08:00,true,51.92,12.2,2666
2026-02-07T01:13:05,true,52.46,12.3,2682
2026-02-07T01:18:07,true,53.02,12.3,2667
2026-02-07T01:23:20,true,53.60,12.2,2663
2026-02-07T01:28:33,true,54.18,12.5,2764
2026-02-07T01:33:41,true,54.74,12.6,2784
2026-02-07T01:38:43,true,55.34,12.5,2768
2026-02-07T01:43:52,true,56.08,12.6,2778
2026-02-07T01:48:52,true,56.64,12.3,2717
2026-02-07T01:53:59,true,57.18,12.3,2669
2026-02-07T01:59:14,true,57.76,12.2,2653
2026-02-07T02:04:48,true,58.34,12.1,2669
2026-02-07T02:09:52,true,58.88,12.2,2669
2026-02-07T02:15:00,true,59.44,12.2,2666
2026-02-07T02:20:04,true,59.98,12.2,2654
2026-02-07T02:25:27,true,60.72,12.3,2665
2026-02-07T02:30:35,true,61.10,12.4,2689
2026-02-07T02:35:41,true,61.64,12.3,2663
2026-02-07T02:40:50,true,62.22,12.2,2678
2026-02-07T02:46:04,true,62.92,12.2,2669
2026-02-07T02:51:08,true,63.50,12.2,2684
2026-02-07T02:56:16,true,64.06,12.5,2773
2026-02-07T03:01:24,true,64.64,12.2,2688
2026-02-07T03:06:48,true,65.24,12.2,2686
2026-02-07T03:11:56,true,65.82,12.1,2656
2026-02-07T03:16:05,true,66.28,12.6,2786
2026-02-08T00:00:00,true,67.82,12.4,2725
2026-02-08T00:05:16,true,68.36,11.8,2578
2026-02-08T00:10:32,true,68.90,11.8,2575
2026-02-08T00:15:45,true,69.46,12.3,2677
2026-02-08T00:20:59,true,70.02,12.5,2740
2026-02-08T00:26:16,true,70.60,12.6,2741
2026-02-08T00:31:33,true,71.20,12.6,2777
2026-02-08T00:36:51,true,71.78,12.7,2787
2026-02-08T00:42:06,true,72.36,12.6,2764
2026-02-08T00:47:24,true,72.94,12.3,2694
2026-02-08T00:52:40,true,73.52,12.3,2683
2026-02-08T00:57:52,true,74.10,12.6,2785
2026-02-08T01:03:03,true,74.66,12.2,2691
2026-02-08T01:08:20,true,75.20,12.6,2787
2026-02-08T01:13:34,true,75.42,12.6,2779
2026-02-08T01:18:50,true,75.66,12.7,2775
2026-02-08T01:24:04,true,75.98,12.5,2764
2026-02-08T01:29:18,true,76.36,12.5,2766
2026-02-08T01:34:36,true,76.76,12.2,2669
2026-02-08T01:39:46,true,77.18,12.6,2773
2026-02-08T01:44:59,true,77.76,12.6,2778
2026-02-08T01:46:45,true,77.78,0.0,1
2026-02-09T00:00:00,true,28.82,12.4,2736
2026-02-09T00:05:00,true,29.36,12.4,2726
2026-02-09T00:10:21,true,29.94,12.5,2757
2026-02-09T00:15:39,true,30.52,12.4,2725
2026-02-09T00:20:59,true,31.10,12.5,2773
2026-02-09T00:26:21,true,31.70,12.5,2748
2026-02-09T00:31:43,true,32.28,12.5,2773
2026-02-09T00:36:51,true,32.86,12.1,2658
2026-02-09T00:41:56,true,33.40,12.2,2660
2026-02-09T00:47:24,true,33.98,12.5,2761
2026-02-09T00:52:46,true,34.58,12.2,2655
2026-02-09T00:53:15,true,34.62,12.5,2755
2026-02-10T00:00:00,true,34.72,12.2,2657
2026-02-10T00:05:10,true,35.28,12.2,2655
2026-02-10T00:10:34,true,36.10,12.2,2665
2026-02-10T00:15:55,true,36.66,12.2,2670
2026-02-10T00:20:55,true,36.94,12.4,2768
2026-02-10T00:26:12,true,37.56,12.5,2750
2026-02-10T00:31:14,true,38.36,12.3,2717
2026-02-10T00:36:19,true,38.90,12.2,2662
2026-02-10T00:41:19,true,39.48,12.3,2671
2026-02-10T00:46:20,true,40.02,12.3,2674
2026-02-10T00:47:45,true,40.16,12.3,2659
2026-02-11T00:00:00,true,40.24,12.4,2680
2026-02-11T00:05:22,true,40.84,12.5,2674
2026-02-11T00:10:42,true,41.42,12.2,2664
2026-02-11T00:15:47,true,41.98,12.3,2687
2026-02-11T00:21:07,true,42.58,12.4,2686
2026-02-11T00:26:07,true,43.12,12.4,2692
2026-02-11T00:31:30,true,43.70,12.3,2664
2026-02-11T00:36:30,true,44.24,12.3,2674
2026-02-11T00:41:32,true,45.00,12.3,2667
2026-02-11T00:46:52,true,45.38,12.2,2658
2026-02-11T00:52:19,true,46.20,12.2,2688
2026-02-11T00:57:39,true,46.78,12.3,2697
2026-02-11T01:03:02,true,47.42,12.6,2798
2026-02-11T01:08:25,true,48.00,12.5,2772
2026-02-11T01:14:17,true,48.66,12.4,2755
2026-02-11T01:19:41,true,49.28,12.5,2784
2026-02-11T01:24:43,true,49.86,12.5,2776
2026-02-11T01:29:43,true,50.44,12.5,2771
2026-02-11T01:34:44,true,50.98,12.4,2757
2026-02-11T01:39:38,true,51.56,12.5,2786
2026-02-12T00:00:00,true,51.66,12.5,2758
2026-02-12T00:05:18,true,52.24,12.4,2753
2026-02-12T00:10:43,true,52.84,12.4,2766
2026-02-12T00:16:06,true,53.46,12.4,2773
2026-02-12T00:21:26,true,54.04,12.5,2768
2026-02-12T00:26:48,true,54.80,12.5,2754
2026-02-12T00:31:52,true,55.34,12.4,2755
2026-02-12T00:36:54,true,55.86,12.5,2779
2026-02-12T00:42:17,true,56.42,12.4,2767
2026-02-12T00:47:44,true,56.98,12.3,2754
2026-02-12T00:52:53,true,57.54,12.3,2765
2026-02-12T00:57:56,true,58.04,12.3,2761
2026-02-12T01:02:56,true,58.58,12.4,2753
2026-02-12T01:08:00,true,59.08,12.4,2770
2026-02-12T01:13:07,true,59.64,12.5,2774
2026-02-12T01:18:15,true,60.16,12.4,2751
2026-02-12T01:23:28,true,60.72,12.2,2696
2026-02-12T01:28:36,true,61.24,12.5,2767
2026-02-12T01:33:49,true,61.78,12.5,2759
2026-02-12T01:39:02,true,62.32,12.4,2686
2026-02-12T01:44:10,true,62.84,12.2,2680
2026-02-12T01:49:17,true,63.38,12.6,2788
2026-02-12T01:54:29,true,63.94,12.4,2778
2026-02-12T01:59:45,true,64.48,12.5,2778
2026-02-12T02:05:00,true,65.06,12.5,2761
2026-02-12T02:10:12,true,65.62,12.4,2776
2026-02-12T02:15:20,true,66.18,12.4,2782
2026-02-12T02:20:36,true,66.74,12.5,2792
2026-02-12T02:25:46,true,67.34,12.4,2762
2026-02-12T02:30:59,true,67.92,12.6,2788
2026-02-12T02:36:05,true,68.50,12.6,2785
2026-02-12T02:41:20,true,69.08,12.6,2782
2026-02-12T02:46:31,true,69.66,12.5,2775
2026-02-12T02:51:42,true,70.22,12.5,2779
2026-02-12T02:56:50,true,70.80,12.5,2770
2026-02-12T03:02:00,true,71.38,12.4,2784
2026-02-12T03:07:10,true,71.96,12.4,2761
2026-02-12T03:12:17,true,72.52,12.5,2762
2026-02-12T03:15:59,true,72.92,0.0,1
2026-02-13T00:00:00,true,73.18,12.1,2670
2026-02-13T00:05:09,true,73.72,12.3,2699
2026-02-13T00:10:25,true,74.28,12.3,2707
2026-02-13T00:15:35,true,74.84,12.5,2767
2026-02-13T00:20:45,true,75.42,12.6,2718
2026-02-13T00:25:59,true,76.00,12.5,2762
2026-02-13T00:31:14,true,76.46,12.3,2706
2026-02-13T00:36:23,true,77.02,12.5,2690
2026-02-13T00:41:36,true,77.60,12.5,2768
2026-02-13T00:46:52,true,78.20,12.5,2774
2026-02-13T00:52:31,true,78.82,12.6,2775
2026-02-13T00:57:38,true,79.40,12.5,2784
2026-02-13T01:02:43,true,79.96,12.5,2778
2026-02-13T01:03:41,true,80.06,12.4,2765
2026-02-14T00:00:00,true,32.42,11.8,2578
2026-02-14T00:05:21,true,32.98,12.2,2667
2026-02-14T00:10:25,true,33.54,12.2,2653
2026-02-14T00:15:29,true,34.08,12.2,2655
2026-02-14T00:20:50,true,34.64,12.4,2674
2026-02-14T00:25:55,true,35.20,12.2,2675
2026-02-14T00:30:59,true,35.74,12.2,2664
2026-02-14T00:36:08,true,36.28,12.3,2684
2026-02-14T00:41:21,true,36.84,12.3,2682
2026-02-14T00:46:21,true,37.40,12.4,2734
2026-02-14T00:51:28,true,38.24,12.6,2779
2026-02-14T00:56:51,true,38.82,12.3,2719
2026-02-14T01:02:05,true,39.42,12.3,2704
2026-02-14T01:07:08,true,39.96,12.6,2776
2026-02-14T01:12:09,true,40.54,12.4,2764
2026-02-14T01:17:13,true,41.12,12.6,2774
2026-02-14T01:22:15,true,41.70,12.2,2691
2026-02-14T01:27:32,true,42.26,12.3,2712
2026-02-14T01:32:35,true,42.82,12.6,2789
2026-02-14T01:37:36,true,43.40,12.5,2772
2026-02-14T01:43:01,true,44.02,12.5,2793
2026-02-14T01:48:23,true,44.62,12.3,2775
2026-02-14T01:53:28,true,45.22,12.4,2769
2026-02-14T01:58:47,true,46.06,12.4,2776
2026-02-14T02:03:51,true,46.60,12.5,2765
2026-02-14T02:08:58,true,47.22,12.5,2785
2026-02-14T02:14:01,true,47.78,12.6,2809
2026-02-14T02:19:24,true,48.40,12.4,2778
2026-02-14T02:24:29,true,48.96,12.6,2783
2026-02-14T02:29:32,true,49.56,12.6,2781
2026-02-14T02:34:37,true,50.12,12.5,2769
2026-02-14T02:39:58,true,50.74,12.4,2769
2026-02-14T02:45:21,true,51.36,12.5,2774
2026-02-14T02:50:27,true,51.96,12.5,2788
2026-02-14T02:55:31,true,52.52,12.5,2771
2026-02-14T03:00:33,true,53.10,12.5,2768
2026-02-14T03:05:33,true,53.70,12.6,2802
2026-02-14T03:10:36,true,54.44,12.5,2785
2026-02-14T03:16:00,true,55.08,12.5,2790
2026-02-14T03:21:04,true,55.62,12.6,2800
2026-02-14T03:26:26,true,56.22,12.5,2787
2026-02-14T03:31:50,true,56.80,12.5,2781
2026-02-14T03:36:55,true,57.40,12.5,2765
2026-02-14T03:42:05,true,57.94,12.6,2774
2026-02-14T03:47:07,true,58.52,12.5,2771
2026-02-14T03:52:16,true,59.08,12.6,2780
2026-02-14T03:57:27,true,59.66,12.6,2773
2026-02-14T04:02:38,true,60.22,12.4,2719
2026-02-15T00:00:00,true,54.70,12.4,2749
2026-02-15T00:05:16,true,55.36,12.3,2689
2026-02-15T00:10:32,true,55.86,12.4,2735
2026-02-15T00:15:46,true,56.36,12.5,2749
2026-02-15T00:21:01,true,56.90,12.7,2848
2026-02-15T00:26:16,true,57.46,12.9,2844
2026-02-15T00:31:34,true,58.02,12.8,2811
2026-02-15T00:36:48,true,58.56,12.8,2828
2026-02-15T00:42:02,true,59.14,12.9,2822
2026-02-15T00:47:17,true,59.64,12.9,2834
2026-02-15T00:52:32,true,60.04,12.7,2819
2026-02-15T00:57:47,true,60.44,12.7,2827
2026-02-15T01:03:02,true,60.84,12.8,2846
2026-02-15T01:08:20,true,61.32,12.9,2850
2026-02-15T01:13:35,true,61.78,12.7,2792
2026-02-15T01:17:20,true,62.18,0.0,1
2026-02-16T00:00:00,true,59.22,12.5,2764
2026-02-16T00:05:02,true,59.70,12.4,2747
2026-02-16T00:10:03,true,60.18,12.5,2775
2026-02-16T00:15:19,true,60.74,12.9,2796
2026-02-16T00:20:43,true,61.32,12.4,2724
2026-02-16T00:25:47,true,61.84,12.6,2786
2026-02-16T00:30:51,true,62.36,12.9,2848
2026-02-16T00:35:51,true,62.90,12.4,2731
2026-02-16T00:40:52,true,63.44,12.7,2806
2026-02-16T00:46:18,true,64.02,12.7,2793
2026-02-16T00:51:23,true,64.56,12.6,2802
2026-02-16T00:52:09,true,64.66,12.6,2796
2026-02-17T00:00:00,true,64.72,12.6,2799
2026-02-17T00:05:13,true,65.30,12.6,2805
2026-02-17T00:10:15,true,65.86,12.6,2807
2026-02-17T00:15:24,true,66.40,12.6,2806
2026-02-17T00:20:42,true,66.98,12.6,2809
2026-02-17T00:25:44,true,67.54,12.6,2803
2026-02-17T00:30:47,true,68.08,12.6,2811
2026-02-17T00:35:49,true,68.62,12.6,2811
2026-02-17T00:40:51,true,69.20,12.5,2765
2026-02-17T00:45:51,true,69.86,12.4,2763
2026-02-17T00:50:54,true,70.28,12.5,2755
2026-02-17T00:55:57,true,70.94,12.5,2759
2026-02-17T01:01:07,true,71.38,12.5,2768
2026-02-17T01:06:14,true,71.92,12.4,2762
2026-02-17T01:11:26,true,72.50,12.4,2783
2026-02-17T01:16:33,true,73.04,12.4,2772
2026-02-17T01:22:22,true,73.82,12.5,2787
2026-02-17T01:27:33,true,74.36,12.5,2756
2026-02-17T01:32:47,true,74.82,12.5,2756
2026-02-17T01:37:53,true,75.38,12.1,2655
2026-02-17T01:43:02,true,75.92,12.2,2689
2026-02-17T01:48:11,true,76.48,12.5,2759
2026-02-17T01:53:26,true,77.16,12.1,2660
2026-02-17T01:58:43,true,77.74,12.4,2731
2026-02-17T01:59:35,true,77.72,12.4,2744
2026-02-18T00:00:00,true,77.82,12.3,2725
2026-02-18T00:05:17,true,78.36,12.4,2710
2026-02-18T00:10:34,true,78.94,12.3,2715
2026-02-18T00:15:47,true,79.50,12.4,2704
2026-02-18T00:21:01,true,80.08,12.6,2780
2026-02-18T00:26:15,true,80.64,12.2,2677
2026-02-18T00:31:29,true,81.22,12.6,2794
2026-02-18T00:36:43,true,81.82,12.7,2786
2026-02-18T00:41:52,true,82.42,12.1,2625
2026-02-18T00:47:10,true,83.04,12.7,2794
2026-02-18T00:52:32,true,83.68,11.9,2616
2026-02-18T00:56:01,true,84.10,12.5,2752
2026-02-19T00:00:00,true,84.18,12.6,2796
2026-02-19T00:05:13,true,84.78,12.0,2622
2026-02-19T00:10:21,true,85.40,12.1,2723
2026-02-19T00:15:38,true,86.02,12.5,2761
2026-02-19T00:20:50,true,86.64,12.5,2758
2026-02-19T00:26:01,true,87.26,12.5,2749
2026-02-19T00:30:22,true,87.76,12.0,2645
2026-02-20T00:00:00,true,57.04,12.4,2731
2026-02-20T00:05:15,true,57.62,12.4,2705
2026-02-20T00:10:26,true,58.16,12.3,2692
2026-02-20T00:15:35,true,58.70,12.3,2692
2026-02-20T00:20:58,true,59.30,12.4,2666
2026-02-20T00:26:14,true,59.86,12.4,2685
2026-02-20T00:31:35,true,60.42,12.3,2681
2026-02-20T00:36:53,true,60.98,12.3,2670
2026-02-20T00:42:13,true,61.74,12.4,2699
2026-02-20T00:47:36,true,62.18,12.7,2806
2026-02-21T00:00:00,true,59.04,12.3,2659
2026-02-21T00:05:22,true,59.60,12.2,2683
2026-02-21T00:10:22,true,60.28,11.7,2558
2026-02-21T00:15:24,true,60.80,12.2,2684
2026-02-21T00:20:46,true,61.40,12.3,2685
2026-02-21T00:25:47,true,61.96,12.6,2773
2026-02-21T00:30:48,true,62.50,12.6,2768
2026-02-21T00:36:14,true,63.12,12.3,2690
2026-02-21T00:41:34,true,63.56,12.2,2662
2026-02-21T00:47:01,true,64.14,12.5,2752
2026-02-21T00:52:02,true,64.70,12.5,2760
2026-02-21T00:57:03,true,65.28,12.2,2658
2026-02-21T01:02:07,true,65.82,12.3,2657
2026-02-21T01:07:30,true,66.42,12.5,2769
2026-02-21T01:12:30,true,66.96,12.5,2751
2026-02-21T01:17:54,true,67.60,12.3,2677
2026-02-21T01:22:55,true,68.14,12.4,2728
2026-02-21T01:27:56,true,68.70,12.2,2670
2026-02-21T01:32:57,true,69.26,12.2,2668
2026-02-21T01:38:00,true,69.84,12.2,2674
2026-02-21T01:38:55,true,69.92,12.2,2668
2026-02-22T00:00:00,true,31.80,12.2,2712
2026-02-22T00:05:20,true,32.38,12.5,2758
2026-02-22T00:10:45,true,32.96,12.8,2817
2026-02-22T00:16:06,true,33.84,12.4,2731
2026-02-22T00:21:17,true,34.14,12.7,2790
2026-02-22T00:26:39,true,34.96,12.8,2826
2026-02-22T00:31:54,true,35.56,12.7,2806
2026-02-22T00:37:12,true,36.14,12.4,2704
2026-02-22T00:42:14,true,36.68,12.7,2792
2026-02-22T00:47:17,true,37.26,12.7,2805
2026-02-22T00:52:47,true,37.90,12.4,2726
2026-02-22T00:58:13,true,38.50,12.4,2716
2026-02-22T01:03:38,true,39.08,12.3,2702
2026-02-22T01:09:04,true,39.70,12.9,2843
2026-02-22T01:14:24,true,40.28,12.7,2815
2026-02-22T01:19:38,true,40.88,12.4,2719
2026-02-22T01:24:53,true,41.46,12.4,2751
2026-02-22T01:30:12,true,42.30,12.8,2813
2026-02-22T01:33:37,true,42.66,12.8,2824
2026-02-23T00:00:00,true,42.76,12.5,2771
2026-02-23T00:05:26,true,43.40,12.5,2743
2026-02-23T00:10:44,true,43.96,12.4,2723
2026-02-23T00:16:06,true,44.56,12.4,2714
2026-02-23T00:21:28,true,45.14,12.3,2685
2026-02-23T00:27:12,true,45.76,12.3,2712
2026-02-23T00:32:37,true,46.36,12.3,2698
2026-02-23T00:37:57,true,46.92,12.3,2693
2026-02-23T00:43:15,true,47.52,12.8,2810
2026-02-23T00:48:36,true,48.10,12.3,2707
2026-02-23T00:53:58,true,48.70,12.7,2798
2026-02-23T00:59:21,true,49.30,12.6,2786
2026-02-23T01:04:48,true,49.92,12.3,2676
2026-02-23T01:10:06,true,50.70,12.7,2808
2026-02-23T01:15:30,true,51.34,12.7,2815
2026-02-23T01:20:50,true,51.94,12.6,2745
2026-02-23T01:26:11,true,52.54,12.7,2804
2026-02-23T01:31:36,true,53.18,12.6,2813
2026-02-23T01:37:00,true,53.78,12.6,2786
2026-02-23T01:42:24,true,54.38,12.7,2809
2026-02-23T01:47:49,true,54.96,12.5,2784
2026-02-23T01:53:17,true,55.58,12.6,2786
2026-02-23T01:58:41,true,56.16,12.6,2804
2026-02-23T02:03:59,true,56.74,12.6,2787
2026-02-23T02:09:24,true,57.32,12.6,2803
2026-02-23T02:14:52,true,57.92,12.6,2824
2026-02-23T02:20:13,true,58.50,12.6,2805
2026-02-23T02:25:33,true,59.28,12.6,2817
2026-02-23T02:30:57,true,59.86,12.7,2807
2026-02-23T02:36:23,true,60.44,12.6,2800
2026-02-23T02:41:25,true,60.98,12.6,2789
2026-02-23T02:46:27,true,61.52,12.7,2801
2026-02-23T02:51:28,true,62.08,12.6,2784
2026-02-23T02:56:32,true,62.62,12.7,2806
2026-02-23T03:01:49,true,63.22,12.7,2802
2026-02-23T03:06:57,true,63.78,12.6,2799
2026-02-23T03:12:25,true,64.38,12.7,2813
2026-02-23T03:17:26,true,64.94,12.6,2800
2026-02-23T03:22:27,true,65.54,12.6,2801
2026-02-23T03:27:54,true,66.14,12.5,2788
2026-02-23T03:33:23,true,66.76,12.5,2788
2026-02-23T03:38:27,true,67.32,12.5,2782
2026-02-23T03:43:56,true,67.96,12.6,2776
2026-02-23T03:49:22,true,68.54,12.3,2687
2026-02-23T03:54:26,true,69.12,12.6,2794
2026-02-23T03:59:26,true,69.70,12.5,2800
2026-02-23T04:04:55,true,70.32,12.5,2784
2026-02-23T04:10:23,true,70.92,12.5,2800
2026-02-23T04:15:50,true,71.56,12.3,2761
2026-02-23T04:21:17,true,72.18,12.4,2772
2026-02-23T04:23:18,true,72.40,12.6,2769
2026-02-24T00:00:00,true,73.04,0.0,
2026-02-24T00:05:17,true,73.58,5.8,
2026-02-24T00:10:30,true,74.10,5.8,
2026-02-24T00:15:42,true,74.66,6.1,
2026-02-24T00:20:59,true,75.24,6.0,
2026-02-24T00:26:12,true,75.82,6.2,
2026-02-24T00:31:24,true,76.38,6.0,
2026-02-24T00:36:36,true,76.96,6.0,
2026-02-24T00:41:48,true,77.52,6.2,
2026-02-24T00:47:01,true,78.12,6.2,
2026-02-24T00:52:20,true,78.70,6.2,
2026-02-24T00:57:32,true,79.30,6.2,
2026-02-24T01:02:44,true,79.86,6.0,
2026-02-24T01:07:57,true,80.44,6.2,
2026-02-24T01:13:09,true,81.00,6.2,
2026-02-24T01:18:21,true,81.62,6.2,
2026-02-24T01:23:33,true,82.24,6.2,
2026-02-24T01:28:46,true,82.86,6.2,
2026-02-24T01:33:58,true,83.50,6.2,
2026-02-24T01:39:10,true,84.12,6.2,
2026-02-24T01:44:22,true,84.74,5.9,
2026-02-25T00:00:00,true,27.14,6.6,
2026-02-25T00:05:10,true,27.70,6.7,
2026-02-25T00:10:19,true,27.96,6.4,
2026-02-25T00:15:32,true,28.52,6.5,
2026-02-25T00:20:43,true,29.36,6.7,
2026-02-25T00:26:00,true,29.64,6.7,
2026-02-25T00:31:26,true,30.48,6.4,
2026-02-25T00:36:42,true,30.78,6.4,
2026-02-25T00:41:53,true,31.60,6.4,
2026-02-25T00:47:05,true,32.14,6.5,
2026-02-25T00:52:15,true,32.70,6.4,
2026-02-25T00:57:59,true,33.32,6.5,
2026-02-25T01:03:19,true,33.86,6.5,
2026-02-25T01:08:36,true,34.42,6.5,
2026-02-25T01:13:49,true,34.98,6.5,
2026-02-25T01:19:03,true,35.54,6.4,
2026-02-25T01:24:12,true,36.10,6.4,
2026-02-25T01:29:26,true,36.64,6.4,
2026-02-25T01:34:36,true,37.22,6.4,
2026-02-25T01:39:48,true,37.76,6.4,
2026-02-25T01:44:56,true,38.32,6.5,
2026-02-25T01:50:07,true,39.10,6.5,
2026-02-25T01:55:19,true,39.48,6.5,
2026-02-25T02:00:33,true,40.28,6.4,
2026-02-25T02:05:54,true,40.86,6.4,
2026-02-25T02:10:59,true,41.42,6.4,
2026-02-25T02:15:59,true,41.98,6.5,
2026-02-25T02:21:01,true,42.50,6.5,
2026-02-25T02:26:03,true,43.06,6.6,
2026-02-25T02:31:12,true,43.64,6.7,
2026-02-26T00:00:00,true,43.70,6.7,
2026-02-26T00:05:10,true,44.28,6.6,
2026-02-26T00:10:21,true,44.86,6.7,
2026-02-26T00:15:35,true,45.48,6.7,
2026-02-26T00:20:38,true,46.06,6.7,
2026-02-26T00:25:38,true,46.62,6.4,
2026-02-26T00:31:09,true,47.26,6.5,
2026-02-26T00:36:42,true,47.84,6.4,
2026-02-26T00:41:44,true,48.42,6.4,
2026-02-26T00:46:51,true,48.98,6.6,
2026-02-26T00:51:56,true,49.58,6.7,
2026-02-26T00:57:07,true,50.36,6.6,
2026-02-26T01:02:08,true,50.94,6.6,
2026-02-26T01:07:40,true,51.58,6.6,
2026-02-26T01:12:40,true,52.18,6.4,
2026-02-26T01:17:43,true,52.74,6.4,
2026-02-26T01:23:13,true,53.40,6.6,
2026-02-26T01:28:16,true,54.00,6.6,
2026-02-26T01:33:21,true,54.58,6.6,
2026-02-26T01:38:23,true,55.18,6.6,
2026-02-26T01:43:31,true,55.74,6.6,
2026-02-26T01:48:49,true,56.34,6.6,
2026-02-26T01:54:03,true,56.90,6.6,
2026-02-26T01:59:13,true,57.50,6.6,
2026-02-26T02:04:25,true,58.04,6.3,
2026-02-26T02:09:36,true,58.58,6.3,
2026-02-26T02:14:53,true,59.14,6.4,
2026-02-26T02:20:01,true,59.70,6.3,
2026-02-26T02:25:06,true,60.22,6.3,
2026-02-26T02:30:06,true,60.76,6.5,
2026-02-26T02:35:11,true,61.32,6.2,
2026-02-26T02:40:19,true,61.88,6.5,
2026-02-26T02:45:25,true,62.44,6.5,
2026-02-26T02:48:17,true,62.78,6.5,
2026-02-27T00:00:00,true,52.96,1.7,
2026-02-27T00:05:13,true,53.38,4.7,
2026-02-27T00:10:28,true,53.78,4.7,
2026-02-27T00:15:43,true,54.20,4.7,
2026-02-27T00:20:56,true,54.60,4.7,
2026-02-27T00:26:10,true,55.00,4.7,
2026-02-27T00:31:24,true,55.44,4.7,
2026-02-27T00:36:39,true,55.86,4.7,
2026-02-27T00:41:55,true,56.28,4.7,
2026-02-27T00:47:06,true,56.68,4.6,
2026-02-27T00:52:20,true,57.10,4.6,
2026-02-27T00:57:36,true,57.52,4.6,
2026-02-27T01:02:57,true,57.92,4.6,
2026-02-27T01:08:11,true,58.32,4.6,
2026-02-27T01:13:29,true,58.72,4.6,
2026-02-27T01:18:45,true,59.14,4.6,
2026-02-27T01:23:57,true,59.56,4.6,
2026-02-27T01:29:11,true,59.96,4.6,
2026-02-27T01:34:27,true,60.36,4.6,
2026-02-27T01:39:40,true,60.76,4.6,
2026-02-27T01:44:57,true,61.18,4.6,
2026-02-27T01:50:14,true,61.58,4.6,
2026-02-27T01:55:27,true,62.00,4.6,
2026-02-27T02:00:41,true,62.42,4.6,
2026-02-27T02:05:52,true,62.82,4.6,
2026-02-27T02:11:35,true,63.44,4.5,
2026-02-27T02:16:46,true,63.70,4.5,
2026-02-27T02:21:52,true,64.10,4.5,
2026-02-27T02:27:05,true,64.64,4.5,
2026-02-27T02:32:25,true,64.92,4.5,
2026-02-27T02:37:39,true,65.36,4.5,
2026-02-27T02:42:51,true,65.76,4.5,
2026-02-27T02:48:06,true,66.30,4.5,
2026-02-27T02:53:18,true,66.70,4.5,
2026-02-27T02:58:31,true,67.14,4.5,
2026-02-27T03:03:44,true,67.54,4.5,
2026-02-27T03:08:56,true,67.96,4.5,
2026-02-27T03:14:10,true,68.38,4.5,
2026-02-27T03:19:21,true,68.80,4.5,
2026-02-27T03:24:33,true,69.22,4.5,
2026-02-27T03:29:52,true,69.64,4.5,
2026-02-27T03:35:05,true,70.06,4.5,
2026-02-27T03:40:18,true,70.46,4.5,
2026-02-27T03:45:32,true,70.88,4.5,
2026-02-27T03:50:45,true,71.32,4.5,
2026-02-27T03:55:58,true,71.74,4.5,
2026-02-27T04:01:14,true,72.16,4.5,
2026-02-27T04:06:31,true,72.58,4.5,
2026-02-27T04:11:44,true,73.00,4.5,
2026-02-27T04:16:57,true,73.44,4.5,
2026-02-27T04:22:11,true,73.84,4.5,
2026-02-27T04:27:24,true,74.24,4.5,
2026-02-27T04:32:40,true,74.66,4.4,
2026-02-27T04:37:53,true,75.08,4.4,
2026-02-27T04:43:06,true,75.48,4.4,
2026-02-27T04:48:16,true,75.88,4.4,
2026-02-27T04:53:30,true,76.28,4.4,
2026-02-27T04:58:42,true,76.68,4.4,
2026-02-27T05:03:58,true,77.12,4.4,
2026-02-27T05:09:11,true,77.52,4.4,
2026-02-27T05:14:21,true,77.92,4.4,
2026-02-27T05:19:37,true,78.32,4.4,
2026-02-27T05:24:47,true,78.72,4.4,
2026-02-27T05:29:58,true,79.14,4.4,
2026-02-27T05:35:11,true,79.54,4.4,
2026-02-27T05:40:23,true,79.94,4.4,
2026-02-27T05:45:37,true,80.36,4.4,
2026-02-27T05:51:00,true,80.74,4.4,
2026-02-27T05:56:24,true,81.20,4.4,
2026-02-27T06:01:39,true,81.62,4.4,
2026-02-27T06:06:52,true,82.04,4.4,
2026-02-27T06:12:06,true,82.46,4.4,
2026-02-27T06:17:18,true,82.88,4.4,
2026-02-27T06:22:31,true,83.32,4.4,
2026-02-27T06:27:45,true,83.74,4.4,
2026-02-27T06:33:01,true,84.18,4.4,
2026-02-27T06:38:16,true,84.60,4.4,
2026-02-27T06:43:32,true,85.02,4.4,
2026-02-27T06:48:48,true,85.48,4.3,
2026-02-27T06:54:05,true,85.90,4.3,
2026-02-27T06:59:21,true,86.32,4.3,
2026-02-27T07:04:35,true,86.74,4.3,
2026-02-27T07:09:49,true,87.16,4.3,
2026-02-27T07:15:02,true,87.58,4.3,
2026-02-27T07:20:17,true,88.00,4.3,
2026-02-27T07:25:32,true,88.40,4.3,
2026-02-27T07:30:44,true,88.82,4.3,
2026-02-27T07:35:57,true,89.24,4.3,
2026-02-27T07:41:10,true,89.66,4.3,
2026-02-27T07:46:25,true,90.06,4.3,
2026-02-27T07:51:41,true,90.48,4.3,
2026-02-27T07:56:51,true,90.88,4.3,
2026-02-27T08:02:05,true,91.32,4.3,
2026-02-27T08:07:20,true,91.74,4.3,
2026-02-27T08:12:35,true,92.14,4.3,
2026-02-27T08:17:51,true,92.56,4.3,
2026-02-27T08:23:06,true,92.96,4.3,
2026-02-27T08:28:18,true,93.38,4.3,
2026-02-27T08:33:26,true,93.80,4.3,
2026-02-27T08:38:06,true,94.16,4.3,
2026-02-28T00:00:00,true,43.90,0.0,
2026-02-28T00:05:22,true,44.48,6.4,
2026-02-28T00:10:44,true,45.06,6.4,
2026-02-28T00:16:07,true,45.68,6.5,
2026-02-28T00:21:28,true,46.28,6.6,
2026-02-28T00:26:51,true,46.90,6.7,
2026-02-28T00:32:13,true,47.52,6.7,
2026-02-28T00:37:35,true,48.12,6.5,
2026-02-28T00:42:57,true,48.70,6.4,
2026-02-28T00:48:20,true,49.32,6.4,
2026-02-28T00:53:42,true,50.10,6.3,
2026-02-28T00:59:04,true,50.68,6.3,
2026-02-28T01:04:26,true,51.28,6.3,
2026-02-28T01:09:48,true,51.88,6.4,
2026-02-28T01:12:42,true,52.18,6.3,
2026-03-01T00:00:00,true,52.38,6.5,
2026-03-01T00:05:24,true,53.00,6.3,
2026-03-01T00:10:46,true,53.58,6.4,
2026-03-01T00:16:10,true,54.18,6.3,
2026-03-01T00:21:34,true,54.74,6.3,
2026-03-01T00:26:57,true,55.36,6.3,
2026-03-01T00:32:20,true,56.10,6.3,
2026-03-01T00:37:43,true,56.66,6.3,
2026-03-01T00:43:06,true,57.28,6.2,
2026-03-01T00:48:30,true,57.84,6.2,
2026-03-01T00:53:54,true,58.42,6.3,
2026-03-01T00:58:54,true,58.94,6.3,
2026-03-01T01:04:17,true,59.54,6.3,
2026-03-01T01:09:17,true,60.06,6.3,
2026-03-01T01:14:41,true,60.64,6.2,
2026-03-01T01:19:41,true,61.18,6.2,
2026-03-01T01:24:41,true,61.72,6.2,
2026-03-01T01:29:41,true,62.26,6.2,
2026-03-01T01:34:41,true,62.78,6.2,
2026-03-01T01:40:05,true,63.38,6.2,
2026-03-01T01:45:29,true,63.96,6.2,
2026-03-01T01:50:29,true,64.50,6.2,
2026-03-01T01:55:29,true,65.04,6.2,
2026-03-01T02:00:53,true,65.64,6.2,
2026-03-01T02:05:53,true,66.18,6.2,
2026-03-01T02:11:17,true,66.76,6.1,
2026-03-01T02:16:17,true,67.44,6.1,
2026-03-01T02:17:57,true,67.50,6.1,
2026-03-02T00:00:00,true,68.42,0.0,
2026-03-02T00:05:22,true,68.96,6.1,
2026-03-02T00:10:45,true,69.54,6.1,
2026-03-02T00:16:08,true,70.10,6.2,
2026-03-02T00:21:31,true,70.68,6.1,
2026-03-02T00:26:54,true,71.26,6.1,
2026-03-02T00:32:18,true,71.86,6.4,
2026-03-02T00:35:19,true,72.18,6.4,
2026-03-03T00:00:00,true,72.46,6.1,
2026-03-03T00:05:07,true,73.04,6.1,
2026-03-03T00:10:11,true,73.56,6.3,
2026-03-03T00:15:33,true,74.16,6.3,
2026-03-03T00:20:56,true,74.74,6.3,
2026-03-03T00:26:18,true,75.34,6.3,
2026-03-03T00:31:41,true,75.92,6.3,
2026-03-03T00:37:03,true,76.52,6.3,
2026-03-03T00:42:25,true,77.12,6.0,
2026-03-03T00:47:48,true,77.68,6.0,
2026-03-03T00:53:10,true,78.24,6.0,
2026-03-03T00:58:33,true,78.82,6.1,
2026-03-03T01:03:56,true,79.40,6.0,
2026-03-04T00:00:00,true,37.20,6.3,
2026-03-04T00:05:07,true,37.74,6.2,
2026-03-04T00:10:15,true,38.34,6.4,
2026-03-04T00:15:25,true,38.90,6.5,
2026-03-04T00:20:31,true,39.50,6.5,
2026-03-04T00:25:42,true,40.08,6.5,
2026-03-04T00:30:48,true,40.68,6.4,
2026-03-04T00:36:04,true,41.52,6.5,
2026-03-04T00:41:07,true,42.08,6.5,
2026-03-04T00:46:13,true,42.68,6.5,
2026-03-04T00:51:17,true,43.26,6.5,
2026-03-04T00:56:25,true,43.86,6.4,
2026-03-04T01:01:38,true,44.42,6.6,
2026-03-04T01:06:52,true,45.04,6.6,
2026-03-04T01:12:04,true,45.62,6.5,
2026-03-04T01:17:20,true,46.22,6.6,
2026-03-04T01:22:33,true,46.80,6.5,
2026-03-04T01:27:48,true,47.42,6.5,
2026-03-04T01:33:00,true,47.98,6.5,
2026-03-04T01:38:10,true,48.80,6.6,
2026-03-04T01:43:30,true,49.42,6.5,
2026-03-04T01:48:49,true,50.00,6.3,
2026-03-04T01:54:01,true,50.58,6.3,
2026-03-04T01:59:14,true,51.16,6.3,
2026-03-04T02:04:20,true,51.72,6.3,
2026-03-04T02:09:29,true,52.26,6.3,
2026-03-04T02:14:44,true,52.84,6.3,
2026-03-04T02:20:01,true,53.44,6.2,
2026-03-04T02:25:12,true,54.02,6.2,
2026-03-04T02:30:22,true,54.56,6.3,
2026-03-04T02:35:32,true,55.32,6.3,
2026-03-04T02:40:38,true,55.66,6.3,
2026-03-04T02:45:48,true,56.22,6.3,
2026-03-04T02:50:57,true,56.76,6.3,
2026-03-04T02:56:04,true,57.52,6.2,
2026-03-04T03:01:15,true,58.06,6.3,
2026-03-04T03:06:23,true,58.60,6.3,
2026-03-04T03:11:41,true,59.16,6.2,
2026-03-04T03:16:47,true,59.72,6.2,
2026-03-04T03:22:02,true,60.26,6.2,
2026-03-04T03:27:11,true,60.82,6.2,
2026-03-04T03:31:20,true,61.28,6.2,
2026-03-05T00:00:00,true,59.80,0.0,
2026-03-05T00:05:13,true,60.32,5.9,
2026-03-05T00:10:28,true,61.02,5.9,
2026-03-05T00:15:42,true,61.42,6.2,
2026-03-05T00:20:55,true,62.14,6.2,
2026-03-05T00:26:06,true,62.72,6.4,
2026-03-05T00:31:21,true,63.32,6.3,
2026-03-05T00:36:40,true,63.90,6.3,
2026-03-05T00:41:54,true,64.50,6.1,
2026-03-05T00:47:10,true,65.04,6.1,
2026-03-05T00:52:26,true,65.64,6.3,
2026-03-05T00:57:42,true,66.22,6.4,
2026-03-05T01:02:56,true,66.80,6.4,
2026-03-05T01:08:13,true,67.40,6.1,
2026-03-05T01:13:24,true,67.96,6.3,
2026-03-05T01:18:38,true,68.54,6.3,
2026-03-05T01:23:49,true,69.12,6.2,
2026-03-05T01:29:02,true,69.72,6.4,
2026-03-05T01:34:20,true,70.30,6.3,
2026-03-05T01:36:58,true,70.58,6.3,
2026-03-06T00:00:00,true,34.54,6.2,
2026-03-06T00:05:07,true,35.10,6.5,
2026-03-06T00:10:15,true,35.68,6.4,
2026-03-06T00:15:22,true,36.24,6.5,
2026-03-06T00:20:30,true,36.80,6.5,
2026-03-06T00:25:39,true,37.66,6.5,
2026-03-06T00:30:47,true,38.22,6.6,
2026-03-06T00:35:53,true,38.82,6.5,
2026-03-06T00:40:59,true,39.40,6.5,
2026-03-06T00:46:05,true,39.98,6.6,
2026-03-06T00:51:14,true,40.54,6.6,
2026-03-06T00:56:20,true,41.16,6.5,
2026-03-06T01:01:28,true,41.74,6.6,
2026-03-06T01:06:36,true,42.30,6.5,
2026-03-06T01:11:42,true,42.90,6.5,
2026-03-06T01:16:51,true,43.48,6.5,
2026-03-06T01:21:59,true,44.06,6.5,
2026-03-06T01:27:10,true,44.84,6.6,
2026-03-06T01:32:17,true,45.44,6.5,
2026-03-06T01:37:26,true,46.00,6.3,
2026-03-06T01:42:32,true,46.56,6.6,
2026-03-06T01:47:38,true,47.12,6.4,
2026-03-06T01:52:45,true,47.70,6.5,
2026-03-06T01:57:53,true,48.26,6.3,
2026-03-06T02:03:01,true,48.84,6.3,
2026-03-06T02:08:08,true,49.42,6.3,
2026-03-06T02:13:16,true,50.00,6.4,
2026-03-06T02:18:23,true,50.56,6.6,
2026-03-06T02:23:29,true,51.18,6.4,
2026-03-06T02:28:36,true,51.92,6.5,
2026-03-06T02:33:40,true,52.50,6.4,
2026-03-06T02:38:45,true,53.08,6.4,
2026-03-06T02:43:51,true,53.64,6.4,
2026-03-06T02:48:57,true,54.20,6.4,
2026-03-06T02:54:15,true,54.74,6.3,
2026-03-06T02:59:23,true,55.34,6.6,
2026-03-06T03:04:31,true,55.86,6.3,
2026-03-06T03:09:40,true,56.44,6.3,
2026-03-06T03:14:51,true,56.98,6.6,
2026-03-06T03:20:04,true,57.56,6.4,
2026-03-06T03:25:14,true,58.12,6.5,
2026-03-06T03:30:20,true,58.68,6.4,
2026-03-06T03:35:29,true,59.24,6.5,
2026-03-06T03:40:37,true,59.82,6.5,
2026-03-06T03:45:45,true,60.34,6.4,
2026-03-06T03:50:52,true,60.90,6.4,
2026-03-06T03:55:58,true,61.46,6.5,
2026-03-06T04:01:05,true,62.02,6.4,
2026-03-06T04:06:07,true,62.56,6.4,
2026-03-06T04:11:13,true,63.30,6.4,
2026-03-06T04:16:23,true,63.86,6.4,
2026-03-06T04:21:30,true,64.44,6.5,
2026-03-06T04:26:35,true,65.02,6.4,
2026-03-06T04:31:46,true,65.62,6.4,
2026-03-06T04:36:54,true,66.20,6.4,
2026-03-06T04:42:00,true,66.78,6.3,
2026-03-06T04:47:07,true,67.38,6.4,
2026-03-06T04:52:14,true,67.96,6.4,
2026-03-06T04:57:23,true,68.54,6.4,
2026-03-06T05:02:06,true,69.12,6.1,
2026-03-07T00:00:00,true,70.02,0.0,
2026-03-07T00:05:06,true,70.52,6.1,
2026-03-07T00:10:14,true,71.06,6.1,
2026-03-07T00:15:20,true,71.62,6.1,
2026-03-07T00:20:28,true,72.18,6.2,
2026-03-07T00:25:34,true,72.72,6.1,
2026-03-07T00:30:42,true,73.28,6.1,
2026-03-07T00:35:47,true,73.82,6.0,
2026-03-07T00:40:54,true,74.38,6.3,
2026-03-07T00:46:03,true,74.94,6.3,
2026-03-07T00:51:07,true,75.52,6.3,
2026-03-07T00:56:15,true,76.08,6.2,
2026-03-07T01:01:21,true,76.62,6.0,
2026-03-07T01:06:28,true,77.18,6.3,
2026-03-07T01:11:36,true,77.76,6.0,
2026-03-07T01:16:42,true,78.28,6.1,
2026-03-07T01:21:50,true,78.84,6.0,
2026-03-07T01:26:57,true,79.40,6.2,
2026-03-07T01:32:03,true,79.96,6.3,
2026-03-07T01:37:12,true,80.52,6.3,
2026-03-07T01:39:20,true,80.74,6.0,
2026-03-08T00:00:00,true,43.02,0.0,
2026-03-08T00:05:16,true,43.60,6.4,
2026-03-08T00:10:31,true,44.16,6.4,
2026-03-08T00:15:41,true,44.74,6.3,
2026-03-08T00:20:47,true,45.30,6.3,
2026-03-08T00:25:53,true,45.86,6.4,
2026-03-08T00:31:04,true,46.40,6.3,
2026-03-08T00:36:15,true,46.98,6.6,
2026-03-08T00:41:28,true,47.56,6.4,
2026-03-08T00:46:51,true,48.14,6.4,
2026-03-08T00:51:56,true,48.88,6.3,
2026-03-08T00:57:11,true,49.48,6.4,
2026-03-08T01:02:29,true,50.06,6.3,
2026-03-08T01:07:35,true,50.60,6.6,
2026-03-08T01:12:49,true,51.20,6.3,
2026-03-08T01:18:04,true,51.76,6.6,
2026-03-08T01:23:18,true,52.34,6.3,
2026-03-08T01:28:30,true,52.88,6.5,
2026-03-08T01:33:38,true,53.46,6.5,
2026-03-08T01:38:52,true,54.00,6.3,
2026-03-08T01:44:02,true,54.56,6.3,
2026-03-08T01:49:17,true,55.12,6.5,
2026-03-08T01:53:35,true,55.58,6.4,
2026-03-09T00:00:00,true,55.86,6.3,
2026-03-09T00:05:18,true,56.38,6.3,
2026-03-09T00:10:30,true,56.92,6.3,
2026-03-09T00:15:49,true,57.48,6.3,
2026-03-09T00:21:06,true,58.02,6.3,
2026-03-09T00:26:15,true,58.54,6.6,
2026-03-09T00:31:17,true,59.06,6.6,
2026-03-09T00:36:24,true,59.60,6.6,
2026-03-09T00:41:36,true,60.16,6.3,
2026-03-09T00:46:50,true,60.70,6.5,
2026-03-09T00:52:05,true,61.28,6.5,
2026-03-09T00:57:19,true,61.82,6.5,
2026-03-09T01:02:27,true,62.38,6.4,
2026-03-09T01:07:30,true,62.90,6.4,
2026-03-09T01:12:40,true,63.64,6.5,
2026-03-09T01:17:44,true,64.02,6.5,
2026-03-09T01:22:55,true,64.58,6.4,
2026-03-09T01:27:57,true,65.12,6.4,
2026-03-09T01:33:11,true,65.70,6.4,
2026-03-09T01:38:18,true,66.24,6.4,
2026-03-09T01:43:29,true,66.82,6.4,
2026-03-09T01:48:36,true,67.38,6.4,
2026-03-09T01:52:55,true,67.86,6.4,
2026-03-10T00:00:00,true,67.28,0.0,
2026-03-10T00:05:14,true,67.78,6.2,
2026-03-10T00:10:25,true,68.34,6.1,
2026-03-10T00:15:44,true,68.90,6.2,
2026-03-10T00:21:07,true,69.50,6.1,
2026-03-10T00:26:26,true,70.06,6.1,
2026-03-10T00:31:43,true,70.62,6.1,
2026-03-10T00:37:07,true,71.20,6.4,
2026-03-10T00:42:22,true,71.80,6.1,
2026-03-10T00:47:43,true,72.36,6.1,
2026-03-10T00:53:06,true,72.94,6.1,
2026-03-10T00:58:27,true,73.52,6.1,
2026-03-10T01:03:43,true,74.10,6.2,
2026-03-10T01:08:59,true,74.64,6.1,
2026-03-10T01:14:12,true,75.20,0.0,
2026-03-10T01:19:23,true,75.58,6.1,
2026-03-10T01:24:42,true,76.02,6.1,
2026-03-10T01:29:59,true,76.44,6.1,
2026-03-10T01:35:17,true,76.90,6.0,
2026-03-10T01:40:38,true,77.42,6.0,
2026-03-10T01:41:07,true,77.46,6.0,
2026-03-11T00:00:00,true,26.70,0.0,
2026-03-11T00:05:22,true,27.44,6.6,
2026-03-11T00:10:45,true,28.02,6.3,
2026-03-11T00:16:07,true,28.60,6.7,
2026-03-11T00:21:13,true,29.16,6.6,
2026-03-11T00:26:35,true,29.74,6.7,
2026-03-11T00:31:57,true,30.30,6.4,
2026-03-11T00:37:19,true,30.88,6.7,
2026-03-11T00:42:42,true,31.48,6.6,
2026-03-11T00:48:04,true,32.08,6.6,
2026-03-11T00:53:27,true,32.64,6.6,
2026-03-11T00:58:49,true,33.24,6.7,
2026-03-11T01:04:11,true,33.84,6.7,
2026-03-11T01:09:34,true,34.42,6.7,
2026-03-11T01:14:56,true,35.00,6.7,
2026-03-11T01:20:19,true,35.62,6.6,
2026-03-11T01:25:43,true,36.20,6.6,
2026-03-11T01:31:05,true,36.78,6.7,
2026-03-11T01:36:28,true,37.64,6.5,
2026-03-11T01:41:50,true,38.22,6.6,
2026-03-11T01:47:12,true,38.82,6.6,
2026-03-11T01:52:34,true,39.42,6.4,
2026-03-11T01:57:56,true,40.02,6.6,
2026-03-11T02:03:19,true,40.60,6.6,
2026-03-11T02:08:42,true,41.24,6.6,
2026-03-11T02:14:03,true,41.86,6.7,
2026-03-11T02:19:25,true,42.44,6.7,
2026-03-11T02:24:49,true,43.06,6.7,
2026-03-11T02:30:10,true,43.68,6.7,
2026-03-11T02:35:27,true,44.28,6.6,
2026-03-11T02:40:50,true,44.88,6.7,
2026-03-11T02:46:12,true,45.52,6.6,
2026-03-11T02:51:36,true,46.14,6.6,
2026-03-11T02:56:59,true,46.72,6.6,
2026-03-11T03:02:23,true,47.38,6.6,
2026-03-11T03:07:46,true,47.98,6.7,
2026-03-11T03:13:09,true,48.80,6.6,
2026-03-11T03:13:59,true,48.90,6.6,
2026-03-12T00:00:00,true,48.92,0.0,
2026-03-12T00:05:18,true,49.44,6.2,
2026-03-12T00:10:23,true,50.00,6.4,
2026-03-12T00:15:31,true,50.52,6.4,
2026-03-12T00:20:35,true,51.08,6.4,
2026-03-12T00:25:37,true,51.64,6.6,
2026-03-12T00:31:01,true,52.24,6.4,
2026-03-12T00:36:09,true,52.78,6.4,
2026-03-12T00:41:21,true,53.38,6.4,
2026-03-12T00:46:26,true,53.92,6.4,
2026-03-12T00:51:30,true,54.48,6.4,
2026-03-12T00:56:46,true,55.24,6.3,
2026-03-12T01:01:49,true,55.78,6.3,
2026-03-12T01:06:50,true,56.30,6.3,
2026-03-12T01:12:17,true,56.88,6.3,
2026-03-12T01:17:21,true,57.42,6.3,
2026-03-12T01:22:40,true,58.00,6.3,
2026-03-12T01:27:40,true,58.50,6.3,
2026-03-12T01:33:06,true,59.12,6.3,
2026-03-12T01:38:06,true,59.62,6.3,
2026-03-12T01:43:07,true,60.16,6.3,
2026-03-12T01:48:07,true,60.68,6.3,
2026-03-12T01:53:07,true,61.40,6.3,
2026-03-12T01:58:33,true,61.98,6.3,
2026-03-12T02:03:59,true,62.56,6.5,
2026-03-12T02:09:01,true,63.12,6.2,
2026-03-12T02:14:04,true,63.66,6.2,
2026-03-12T02:19:21,true,64.20,6.2,
2026-03-12T02:24:22,true,64.74,6.2,
2026-03-12T02:29:50,true,65.32,6.2,
2026-03-12T02:35:09,true,65.88,6.2,
2026-03-12T02:40:13,true,66.42,6.2,
2026-03-12T02:45:45,true,67.02,6.4,
2026-03-12T02:51:05,true,67.60,6.4,
2026-03-12T02:56:33,true,68.22,6.4,
2026-03-12T03:01:56,true,68.80,6.1,
2026-03-12T03:06:56,true,69.38,6.4,
2026-03-12T03:11:59,true,69.94,6.4,
2026-03-12T03:17:00,true,70.48,6.4,
2026-03-12T03:22:00,true,71.04,6.4,
2026-03-12T03:27:08,true,71.64,6.4,
2026-03-12T03:32:18,true,72.20,6.4,
2026-03-12T03:37:22,true,72.74,6.3,
2026-03-12T03:42:31,true,73.32,6.3,
2026-03-12T03:47:37,true,73.88,6.3,
2026-03-12T03:52:42,true,74.44,6.3,
2026-03-12T03:57:43,true,74.96,6.1,
2026-03-12T04:01:18,true,75.36,6.1,
2026-03-13T00:00:00,true,64.04,0.0,
2026-03-13T00:05:18,true,64.34,5.9,
2026-03-13T00:10:38,true,64.72,5.9,
2026-03-13T00:15:56,true,65.26,6.2,
2026-03-13T00:21:21,true,65.80,6.3,
2026-03-13T00:26:39,true,66.36,6.1,
2026-03-13T00:32:01,true,66.90,6.1,
2026-03-13T00:37:12,true,67.46,6.1,
2026-03-13T00:42:33,true,68.02,6.4,
2026-03-13T00:47:53,true,68.60,6.2,
2026-03-13T00:53:11,true,69.16,6.1,
2026-03-13T00:58:27,true,69.86,6.4,
2026-03-13T01:03:48,true,70.32,6.4,
2026-03-13T01:09:02,true,70.90,6.4,
2026-03-13T01:14:25,true,71.50,6.3,
2026-03-13T01:19:40,true,72.18,6.2,
2026-03-13T01:24:59,true,72.76,6.1,
2026-03-13T01:30:17,true,73.34,6.1,
2026-03-13T01:32:40,true,73.60,6.1,
2026-03-14T00:00:00,true,34.40,6.4,
2026-03-14T00:05:27,true,34.96,6.4,
2026-03-14T00:10:54,true,35.56,6.3,
2026-03-14T00:16:24,true,36.14,6.4,
2026-03-14T00:21:50,true,36.72,6.5,
2026-03-14T00:26:52,true,37.30,6.4,
2026-03-14T00:31:53,true,37.84,6.3,
2026-03-14T00:36:53,true,38.64,6.4,
2026-03-14T00:42:19,true,39.22,6.4,
2026-03-14T00:47:47,true,39.84,6.4,
2026-03-14T00:52:50,true,40.36,6.4,
2026-03-14T00:57:51,true,40.94,6.6,
2026-03-14T01:03:16,true,41.52,6.4,
2026-03-14T01:08:41,true,42.12,6.4,
2026-03-14T01:14:01,true,42.68,6.4,
2026-03-14T01:19:27,true,43.30,6.3,
2026-03-14T01:24:52,true,43.90,6.4,
2026-03-14T01:30:16,true,44.48,6.4,
2026-03-14T01:35:42,true,45.06,6.4,
2026-03-14T01:40:56,true,45.86,6.4,
2026-03-14T01:46:21,true,46.46,6.3,
2026-03-14T01:51:25,true,46.98,6.4,
2026-03-14T01:56:30,true,47.58,6.4,
2026-03-14T02:01:59,true,48.14,6.3,
2026-03-14T02:07:24,true,48.74,6.4,
2026-03-14T02:12:43,true,49.34,6.4,
2026-03-14T02:17:46,true,49.88,6.4,
2026-03-14T02:22:55,true,50.44,6.4,
2026-03-14T02:28:00,true,51.00,6.4,
2026-03-14T02:33:27,true,51.60,6.4,
2026-03-14T02:38:55,true,52.20,6.4,
2026-03-14T02:43:57,true,52.74,6.4,
2026-03-14T02:49:05,true,53.32,6.3,
2026-03-14T02:50:40,true,53.50,6.4,
2026-03-15T00:00:00,true,53.58,6.4,
2026-03-15T00:05:11,true,54.16,6.4,
2026-03-15T00:10:17,true,54.88,6.3,
2026-03-15T00:15:17,true,55.44,6.3,
2026-03-15T00:20:20,true,55.94,6.3,
2026-03-15T00:25:47,true,56.52,6.3,
2026-03-15T00:30:52,true,57.04,6.3,
2026-03-15T00:36:18,true,57.64,6.3,
2026-03-15T00:41:18,true,58.14,6.5,
2026-03-15T00:46:22,true,58.70,6.4,
2026-03-15T00:51:24,true,59.26,6.2,
2026-03-15T00:56:29,true,59.84,6.5,
2026-03-15T01:01:34,true,60.38,6.5,
2026-03-15T01:06:35,true,60.94,6.4,
2026-03-15T01:11:56,true,61.52,6.4,
2026-03-15T01:17:03,true,62.08,6.4,
2026-03-15T01:22:05,true,62.64,6.2,
2026-03-15T01:27:30,true,63.26,6.5,
2026-03-15T01:32:31,true,63.80,6.4,
2026-03-15T01:37:31,true,64.38,6.4,
2026-03-15T01:42:57,true,65.02,6.3,
2026-03-15T01:48:05,true,65.58,6.4,
2026-03-15T01:53:30,true,66.18,6.2,
2026-03-15T01:58:37,true,66.76,6.1,
2026-03-15T02:03:41,true,67.34,6.1,
2026-03-15T02:08:54,true,67.92,6.4,
2026-03-15T02:13:57,true,68.48,6.2,
2026-03-15T02:19:08,true,69.08,6.1,
2026-03-15T02:24:16,true,69.64,6.3,
2026-03-15T02:29:16,true,70.18,6.1,
2026-03-15T02:34:25,true,70.76,6.1,
2026-03-15T02:39:35,true,71.36,6.3,
2026-03-15T02:44:43,true,71.94,6.3,
2026-03-15T02:50:13,true,72.54,6.2,
2026-03-15T02:55:23,true,73.12,6.1,
2026-03-15T03:00:30,true,73.68,6.1,
2026-03-15T03:05:45,true,74.24,6.1,
2026-03-15T03:10:54,true,74.80,6.3,
2026-03-15T03:16:06,true,75.40,6.3,
2026-03-15T03:21:16,true,75.96,6.3,
2026-03-15T03:26:24,true,76.54,6.0,
2026-03-15T03:31:36,true,77.14,6.0,
2026-03-15T03:36:42,true,77.68,6.0,
2026-03-15T03:41:43,true,78.22,6.3,
2026-03-15T03:47:07,true,78.82,6.3,
2026-03-15T03:52:31,true,79.44,6.3,
2026-03-15T03:57:38,true,80.00,6.2,
2026-03-15T04:02:47,true,80.56,6.2,
2026-03-15T04:07:57,true,81.14,6.0,
2026-03-15T04:13:03,true,81.66,6.0,
2026-03-15T04:17:06,true,82.10,6.0,
2026-03-16T00:00:00,true,41.02,6.1,
2026-03-16T00:05:02,true,41.60,6.4,
2026-03-16T00:10:07,true,42.14,6.3,
2026-03-16T00:15:27,true,42.74,6.3,
2026-03-16T00:20:53,true,43.32,6.4,
2026-03-16T00:26:02,true,43.88,6.4,
2026-03-16T00:31:02,true,44.42,6.3,
2026-03-16T00:36:02,true,44.98,6.3,
2026-03-16T00:41:21,true,45.56,6.3,
2026-03-16T00:46:43,true,46.38,6.4,
2026-03-16T00:52:02,true,46.94,6.3,
2026-03-16T00:57:02,true,47.50,6.3,
2026-03-16T01:02:14,true,48.06,6.4,
2026-03-16T01:07:50,true,48.66,6.4,
2026-03-16T01:13:00,true,49.24,6.4,
2026-03-16T01:18:03,true,49.80,6.4,
2026-03-16T01:23:03,true,50.32,6.4,
2026-03-16T01:28:06,true,50.88,6.4,
2026-03-16T01:33:32,true,51.48,6.4,
2026-03-16T01:38:39,true,52.04,6.3,
2026-03-16T01:43:43,true,52.60,6.4,
2026-03-16T01:48:47,true,53.36,6.3,
2026-03-16T01:54:09,true,53.94,6.3,
2026-03-16T01:59:11,true,54.48,6.3,
2026-03-16T02:04:31,true,55.10,6.3,
2026-03-16T02:09:37,true,55.62,6.3,
2026-03-16T02:14:42,true,56.16,6.3,
2026-03-16T02:19:49,true,56.68,6.3,
2026-03-16T02:25:14,true,57.28,6.3,
2026-03-16T02:30:40,true,57.84,6.3,
2026-03-16T02:36:08,true,58.42,6.3,
2026-03-16T02:41:08,true,58.94,6.3,
2026-03-16T02:46:28,true,59.52,6.3,
2026-03-16T02:51:55,true,60.10,6.5,
2026-03-16T02:57:15,true,60.68,6.2,
2026-03-16T03:02:42,true,61.26,6.2,
2026-03-16T03:08:11,true,61.86,6.2,
2026-03-16T03:13:37,true,62.46,6.2,
2026-03-16T03:18:40,true,63.02,6.5,
2026-03-16T03:23:45,true,63.58,6.4,
2026-03-16T03:29:02,true,64.18,6.3,
2026-03-16T03:34:06,true,64.74,6.2,
2026-03-16T03:39:35,true,65.38,6.4,
2026-03-16T03:44:43,true,65.96,6.4,
2026-03-16T03:50:10,true,66.58,6.4,
2026-03-16T03:55:36,true,67.24,6.3,
2026-03-16T04:00:40,true,67.82,6.4,
2026-03-16T04:06:09,true,68.46,6.3,
2026-03-16T04:11:29,true,69.22,6.4,
2026-03-16T04:16:49,true,69.82,6.2,
2026-03-16T04:22:14,true,70.30,6.3,
2026-03-16T04:27:26,true,70.90,6.3,
2026-03-16T04:32:52,true,71.52,6.3,
2026-03-16T04:38:18,true,72.28,6.3,
2026-03-16T04:43:32,true,72.74,6.1,
2026-03-16T04:48:42,true,73.32,6.0,
2026-03-16T04:53:55,true,73.90,6.0,
2026-03-17T00:00:00,true,75.56,0.0,
2026-03-17T00:05:09,true,76.02,5.8,
2026-03-17T00:10:12,true,76.34,6.0,
2026-03-17T00:15:17,true,76.70,6.1,
2026-03-17T00:20:27,true,77.26,6.0,
2026-03-17T00:25:40,true,77.80,6.0,
2026-03-17T00:30:48,true,78.24,6.0,
2026-03-17T00:35:56,true,78.78,6.0,
2026-03-17T00:41:29,true,79.40,6.2,
2026-03-17T00:46:39,true,79.96,6.0,
2026-03-17T00:51:50,true,80.52,6.2,
2026-03-17T00:56:54,true,81.06,5.9,
2026-03-17T01:01:59,true,81.62,6.0,
2026-03-17T01:07:08,true,82.20,6.2,
2026-03-17T01:12:15,true,82.78,6.2,
2026-03-17T01:17:24,true,83.38,6.0,
2026-03-17T01:22:39,true,83.94,5.9,
2026-03-17T01:27:50,true,84.50,5.9,
2026-03-17T01:32:59,true,85.10,6.2,
2026-03-17T01:38:09,true,85.68,6.1,
2026-03-17T01:43:17,true,86.26,5.9,
2026-03-17T01:43:47,true,86.32,5.9,
2026-03-18T00:00:00,true,48.88,6.1,
2026-03-18T00:05:14,true,49.46,6.3,
2026-03-18T00:10:23,true,50.04,6.3,
2026-03-18T00:15:38,true,50.80,6.3,
2026-03-18T00:20:44,true,51.38,6.3,
2026-03-18T00:26:03,true,51.94,6.3,
2026-03-18T00:31:09,true,52.50,6.4,
2026-03-18T00:36:12,true,53.08,6.5,
2026-03-18T00:41:15,true,53.64,6.4,
2026-03-18T00:46:23,true,54.18,6.3,
2026-03-18T00:51:39,true,54.76,6.3,
2026-03-18T00:56:45,true,55.30,6.4,
2026-03-18T01:01:59,true,55.86,6.3,
2026-03-18T01:07:08,true,56.40,6.3,
2026-03-18T01:12:21,true,56.96,6.3,
2026-03-18T01:17:28,true,57.52,6.2,
2026-03-18T01:23:20,true,58.34,6.5,
2026-03-18T01:28:41,true,58.90,6.5,
2026-03-18T01:34:01,true,59.50,6.3,
2026-03-18T01:39:13,true,60.06,6.5,
2026-03-18T01:44:17,true,60.62,6.4,
2026-03-18T01:49:28,true,61.18,6.2,
2026-03-18T01:54:41,true,61.74,6.2,
2026-03-18T01:59:47,true,62.26,6.3,
2026-03-18T02:04:51,true,62.80,6.3,
2026-03-18T02:10:07,true,63.36,6.5,
2026-03-18T02:15:25,true,63.94,6.2,
2026-03-18T02:20:30,true,64.46,6.5,
2026-03-18T02:25:49,true,65.06,6.3,
2026-03-18T02:30:55,true,65.62,6.4,
2026-03-18T02:36:14,true,66.20,6.4,
2026-03-18T02:41:37,true,66.76,6.2,
2026-03-18T02:46:51,true,67.34,6.1,
2026-03-18T02:52:12,true,67.90,6.4,
2026-03-18T02:57:31,true,68.48,6.4,
2026-03-18T03:02:45,true,69.08,6.4,
2026-03-18T03:07:53,true,69.66,6.4,
2026-03-18T03:13:11,true,70.24,6.4,
2026-03-18T03:18:27,true,70.84,6.4,
2026-03-18T03:23:34,true,71.42,6.4,
2026-03-18T03:28:40,true,71.98,6.4,
2026-03-18T03:33:53,true,72.56,6.1,
2026-03-18T03:35:45,true,72.74,6.1,
2026-03-19T00:00:00,true,72.42,0.0,
2026-03-19T00:05:18,true,72.92,5.8,
2026-03-19T00:10:38,true,73.46,5.8,
2026-03-19T00:15:58,true,73.98,6.1,
2026-03-19T00:21:16,true,74.54,6.1,
2026-03-19T00:26:34,true,75.10,6.1,
2026-03-19T00:31:51,true,75.66,6.0,
2026-03-19T00:37:15,true,76.22,6.0,
2026-03-19T00:42:35,true,76.76,6.0,
2026-03-19T00:48:00,true,77.36,6.1,
2026-03-19T00:53:23,true,77.92,6.0,
2026-03-19T00:58:41,true,78.48,6.0,
2026-03-19T01:03:54,true,79.02,6.0,
2026-03-19T01:09:11,true,79.60,6.3,
2026-03-19T01:14:33,true,80.10,6.0,
2026-03-19T01:19:51,true,80.50,6.0,
2026-03-19T01:25:11,true,80.90,6.0,
2026-03-19T01:30:23,true,81.32,6.0,
2026-03-19T01:35:38,true,81.84,6.0,
2026-03-19T01:40:52,true,82.32,6.2,
2026-03-19T01:44:45,true,82.76,6.0,
2026-03-20T00:00:00,true,40.46,6.2,
2026-03-20T00:05:29,true,41.08,6.4,
2026-03-20T00:10:53,true,41.66,6.5,
2026-03-20T00:16:11,true,42.24,6.5,
2026-03-20T00:21:31,true,42.80,6.5,
2026-03-20T00:26:54,true,43.42,6.5,
2026-03-20T00:32:15,true,44.22,6.5,
2026-03-20T00:37:35,true,44.82,6.5,
2026-03-20T00:42:56,true,45.40,6.4,
2026-03-20T00:47:56,true,45.94,6.5,
2026-03-20T00:53:08,true,46.48,6.7,
2026-03-20T00:58:11,true,47.06,6.4,
2026-03-20T01:03:12,true,47.60,6.4,
2026-03-20T01:08:15,true,48.14,6.4,
2026-03-20T01:13:16,true,48.66,6.4,
2026-03-20T01:18:19,true,49.22,6.4,
2026-03-20T01:23:35,true,49.76,6.4,
2026-03-20T01:28:59,true,50.34,6.4,
2026-03-20T01:34:27,true,51.14,6.4,
2026-03-20T01:39:46,true,51.72,6.4,
2026-03-20T01:45:05,true,52.32,6.7,
2026-03-20T01:50:10,true,52.86,6.4,
2026-03-20T01:55:28,true,53.46,6.4,
2026-03-20T02:00:31,true,53.98,6.4,
2026-03-20T02:06:00,true,54.56,6.6,
2026-03-20T02:11:09,true,55.12,6.3,
2026-03-20T02:16:32,true,55.68,6.3,
2026-03-20T02:21:42,true,56.18,6.3,
2026-03-20T02:26:44,true,56.70,6.3,
2026-03-20T02:31:57,true,57.24,6.3,
2026-03-20T02:37:27,true,57.82,6.3,
2026-03-20T02:42:37,true,58.32,6.3,
2026-03-20T02:48:19,true,58.92,6.3,
2026-03-20T02:52:58,true,59.40,6.3,
2026-03-21T00:00:00,true,33.12,0.0,
2026-03-21T00:05:13,true,33.66,6.5,
2026-03-21T00:10:29,true,34.22,6.5,
2026-03-21T00:15:45,true,34.80,6.5,
2026-03-21T00:21:00,true,35.38,6.7,
2026-03-21T00:26:18,true,36.00,6.6,
2026-03-21T00:31:29,true,36.60,6.6,
2026-03-21T00:36:42,true,37.22,6.6,
2026-03-21T00:41:56,true,37.84,6.5,
2026-03-21T00:47:10,true,38.74,6.6,
2026-03-21T00:52:23,true,39.38,6.6,
2026-03-21T00:57:41,true,39.98,6.5,
2026-03-21T01:02:53,true,40.58,6.5,
2026-03-21T01:08:06,true,41.20,6.5,
2026-03-21T01:13:17,true,41.80,6.5,
2026-03-21T01:18:52,true,42.46,6.6,
2026-03-21T01:24:06,true,43.04,6.5,
2026-03-21T01:29:15,true,43.88,6.6,
2026-03-21T01:34:28,true,44.46,6.4,
2026-03-21T01:39:39,true,45.06,6.3,
2026-03-21T01:44:52,true,45.66,6.6,
2026-03-21T01:50:05,true,46.26,6.4,
2026-03-21T01:51:08,true,46.38,6.3,
2026-03-22T00:00:00,true,49.18,6.5,
2026-03-22T00:05:13,true,49.78,6.5,
2026-03-22T00:10:25,true,50.36,6.4,
2026-03-22T00:15:42,true,50.98,6.4,
2026-03-22T00:21:00,true,51.60,6.5,
2026-03-22T00:26:16,true,52.20,6.4,
2026-03-22T00:31:33,true,52.82,6.3,
2026-03-22T00:36:46,true,53.42,6.4,
2026-03-22T00:41:59,true,54.20,6.4,
2026-03-22T00:47:14,true,54.78,6.5,
2026-03-22T00:52:27,true,55.38,6.4,
2026-03-22T00:57:39,true,55.96,6.4,
2026-03-22T01:00:09,true,56.24,6.4,
2026-03-23T00:00:00,true,56.40,6.5,
2026-03-23T00:05:10,true,56.98,6.5,
2026-03-23T00:10:26,true,57.58,6.4,
2026-03-23T00:15:37,true,58.14,6.3,
2026-03-23T00:20:51,true,58.72,6.2,
2026-03-23T00:26:06,true,59.28,6.2,
2026-03-23T00:31:23,true,59.86,6.3,
2026-03-23T00:36:37,true,60.42,6.3,
2026-03-23T00:41:53,true,60.98,6.2,
2026-03-23T00:47:08,true,61.70,6.2,
2026-03-23T00:52:27,true,62.28,6.2,
2026-03-23T00:57:44,true,62.82,6.2,
2026-03-23T01:03:28,true,63.46,6.2,
2026-03-23T01:08:45,true,64.02,6.2,
2026-03-23T01:14:00,true,64.60,6.1,
2026-03-23T01:19:14,true,65.18,6.1,
2026-03-23T01:24:24,true,65.76,6.2,
2026-03-23T01:29:36,true,66.32,6.1,
2026-03-23T01:34:50,true,66.88,6.1,
2026-03-23T01:40:07,true,67.48,6.1,
2026-03-23T01:45:12,true,68.04,6.1,
2026-03-23T01:50:27,true,68.60,6.1,
2026-03-23T01:55:42,true,69.18,6.1,
2026-03-23T02:00:54,true,69.76,6.4,
2026-03-23T02:06:06,true,70.34,6.1,
2026-03-23T02:11:20,true,70.90,6.1,
2026-03-23T02:16:02,true,71.44,6.1,
2026-03-24T00:00:00,true,33.86,0.0,
2026-03-24T00:05:09,true,34.40,6.1,
2026-03-24T00:10:15,true,34.94,6.2,
2026-03-24T00:15:25,true,35.54,6.2,
2026-03-24T00:20:32,true,36.10,6.2,
2026-03-24T00:25:40,true,36.64,6.0,
2026-03-24T00:30:49,true,37.26,6.2,
2026-03-24T00:36:11,true,37.84,6.2,
2026-03-24T00:41:20,true,38.44,6.3,
2026-03-24T00:46:30,true,39.02,6.2,
2026-03-24T00:51:39,true,39.62,6.2,
2026-03-24T00:56:46,true,40.20,6.2,
2026-03-24T01:01:54,true,40.78,6.2,
2026-03-24T01:07:04,true,41.36,6.3,
2026-03-24T01:12:11,true,41.96,6.2,
2026-03-24T01:17:23,true,42.56,6.3,
2026-03-24T01:22:31,true,43.14,6.2,
2026-03-24T01:27:38,true,43.96,6.3,
2026-03-24T01:32:45,true,44.52,6.3,
2026-03-24T01:37:53,true,45.12,6.2,
2026-03-24T01:43:03,true,45.70,6.2,
2026-03-24T01:48:12,true,46.28,6.1,
2026-03-24T01:53:17,true,46.86,6.2,
2026-03-24T01:58:26,true,47.46,6.2,
2026-03-24T02:03:33,true,48.02,6.2,
2026-03-24T02:09:05,true,48.66,6.2,
2026-03-24T02:14:13,true,49.24,6.2,
2026-03-24T02:19:23,true,49.84,6.2,
2026-03-24T02:24:31,true,50.42,6.1,
2026-03-24T02:29:39,true,51.00,6.2,
2026-03-24T02:34:45,true,51.60,6.2,
2026-03-24T02:39:53,true,52.16,6.2,
2026-03-24T02:45:01,true,52.74,6.2,
2026-03-24T02:49:19,true,53.24,6.1,
2026-03-25T00:00:00,true,53.32,6.2,
2026-03-25T00:05:07,true,53.90,6.1,
2026-03-25T00:10:16,true,54.46,6.2,
2026-03-25T00:15:31,true,55.04,6.1,
2026-03-25T00:20:37,true,55.60,6.1,
2026-03-25T00:25:47,true,56.18,6.1,
2026-03-25T00:30:57,true,56.72,6.1,
2026-03-25T00:36:07,true,57.32,6.2,
2026-03-25T00:41:16,true,57.86,6.1,
2026-03-25T00:46:26,true,58.60,6.1,
2026-03-25T00:51:35,true,58.98,6.2,
2026-03-25T00:56:45,true,59.56,6.1,
2026-03-25T01:01:53,true,60.28,6.1,
2026-03-25T01:07:03,true,60.68,6.2,
2026-03-25T01:12:11,true,61.40,5.9,
2026-03-25T01:17:22,true,61.98,6.2,
2026-03-25T01:22:31,true,62.52,5.9,
2026-03-25T01:27:39,true,63.10,6.2,
2026-03-25T01:32:47,true,63.62,5.9,
2026-03-25T01:37:55,true,64.18,6.1,
2026-03-25T01:43:05,true,64.74,6.1,
2026-03-25T01:48:15,true,65.32,6.0,
2026-03-25T01:53:23,true,65.88,6.1,
2026-03-25T01:58:31,true,66.46,,
2026-03-25T02:03:39,true,67.02,6.0,
2026-03-25T02:08:47,true,67.60,6.0,
2026-03-25T02:13:55,true,68.18,6.0,
2026-03-25T02:19:03,true,68.60,6.0,
2026-03-25T02:24:12,true,69.20,6.1,
2026-03-25T02:29:21,true,69.76,6.0,
2026-03-25T02:34:30,true,70.32,6.0,
2026-03-25T02:39:40,true,70.90,5.9,
2026-03-25T02:44:47,true,71.48,6.0,
2026-03-25T02:49:59,true,72.04,5.8,
2026-03-25T02:55:06,true,72.60,5.8,
2026-03-25T03:00:13,true,73.16,5.9,
2026-03-25T03:05:20,true,73.72,6.0,
2026-03-25T03:10:28,true,74.28,6.0,
2026-03-25T03:15:36,true,74.84,5.9,
2026-03-25T03:20:43,true,75.42,6.0,
2026-03-25T03:25:51,true,75.98,6.0,
2026-03-25T03:30:59,true,76.52,5.7,
2026-03-25T03:36:07,true,77.08,5.6,
2026-03-25T03:41:15,true,77.62,5.7,
2026-03-25T03:46:26,true,78.14,5.7,
2026-03-25T03:51:32,true,78.68,5.7,
2026-03-25T03:56:40,true,79.22,5.7,
2026-03-25T04:01:50,true,79.76,5.7,
2026-03-25T04:06:59,true,80.28,5.6,
2026-03-25T04:12:08,true,80.82,5.7,
2026-03-25T04:17:16,true,81.36,5.7,
2026-03-25T04:22:25,true,81.88,5.7,
2026-03-25T04:27:32,true,82.44,5.9,
2026-03-25T04:32:41,true,83.02,5.6,
2026-03-25T04:37:49,true,83.60,5.6,
2026-03-25T04:42:55,true,84.14,5.7,
2026-03-25T04:48:04,true,84.68,5.7,
2026-03-25T04:53:14,true,85.24,5.7,
2026-03-25T04:58:20,true,85.78,5.7,
2026-03-25T05:03:29,true,86.32,5.7,
2026-03-25T05:08:39,true,86.88,5.6,
2026-03-25T05:13:48,true,87.44,5.7,
2026-03-25T05:18:57,true,87.98,5.7,
2026-03-25T05:24:06,true,88.52,5.6,
2026-03-25T05:29:14,true,89.08,5.7,
2026-03-25T05:34:21,true,89.62,5.7,
2026-03-25T05:39:30,true,90.16,5.7,
2026-03-25T05:44:38,true,90.70,5.6,
2026-03-25T05:49:45,true,91.16,5.9,
2026-03-25T05:54:54,true,91.52,6.2,
2026-03-25T06:00:01,true,92.02,5.6,
2026-03-25T06:05:08,true,92.56,5.6,
2026-03-25T06:10:15,true,93.10,5.6,
2026-03-25T06:15:25,true,93.64,5.8,
2026-03-25T06:20:31,true,94.16,5.7,
2026-03-25T06:25:39,true,94.68,5.7,
2026-03-25T06:30:46,true,95.20,5.6,
2026-03-25T06:35:53,true,95.70,5.7,
2026-03-25T06:41:00,true,96.20,5.6,
2026-03-25T06:46:14,true,96.72,5.8,
2026-03-25T06:51:21,true,97.24,5.7,
2026-03-25T06:55:36,true,97.66,5.7,
2026-03-26T00:00:00,true,57.28,0.0,
2026-03-26T00:05:18,true,57.84,6.3,
2026-03-26T00:10:38,true,58.38,6.3,
2026-03-26T00:15:56,true,58.94,6.3,
2026-03-26T00:21:12,true,59.50,6.3,
2026-03-26T00:26:41,true,60.08,6.3,
2026-03-26T00:31:54,true,60.62,6.3,
2026-03-26T00:37:07,true,61.20,6.3,
2026-03-26T00:42:10,true,61.72,6.3,
2026-03-26T00:47:17,true,62.26,6.5,
2026-03-26T00:52:23,true,62.96,6.3,
2026-03-26T00:57:47,true,63.54,6.2,
2026-03-26T01:02:56,true,64.06,6.2,
2026-03-26T01:08:06,true,64.60,6.2,
2026-03-26T01:13:14,true,65.14,6.2,
2026-03-26T01:18:35,true,65.70,6.2,
2026-03-26T01:23:50,true,66.24,6.2,
2026-03-26T01:29:01,true,66.78,6.2,
2026-03-26T01:34:15,true,67.36,6.2,
2026-03-26T01:39:35,true,67.90,6.1,
2026-03-26T01:40:05,true,67.96,6.1,
2026-03-27T00:00:00,true,68.28,12.1,2654
2026-03-27T00:05:06,true,68.80,12.2,2660
2026-03-27T00:10:29,true,69.36,12.2,2651
2026-03-27T00:15:42,true,69.90,12.2,2644
2026-03-27T00:20:55,true,70.44,12.2,2662
2026-03-27T00:26:08,true,70.96,12.2,2643
2026-03-27T00:30:57,true,71.48,12.2,2663
2026-03-28T00:00:00,true,71.94,11.8,2584
2026-03-28T00:05:20,true,72.46,12.2,2683
2026-03-28T00:10:23,true,72.98,11.7,2557
2026-03-28T00:15:49,true,73.58,12.4,2696
2026-03-28T00:21:12,true,74.14,12.4,2674
2026-03-28T00:26:17,true,74.68,12.4,2689
2026-03-28T00:31:42,true,75.28,12.3,2702
2026-03-28T00:37:05,true,75.86,12.2,2680
2026-03-28T00:42:05,true,76.38,12.2,2664
2026-03-28T00:47:30,true,76.96,12.2,2669
2026-03-28T00:52:50,true,77.56,12.6,2772
2026-03-28T00:58:12,true,78.14,12.6,2760
2026-03-28T01:03:37,true,78.72,12.6,2778
2026-03-28T01:08:37,true,79.28,12.5,2772
2026-03-28T01:14:03,true,79.88,12.5,2770
2026-03-28T01:19:04,true,80.44,12.4,2739
2026-03-28T01:24:26,true,81.04,12.5,2772
2026-03-28T01:29:51,true,81.66,12.5,2770
2026-03-28T01:35:14,true,82.28,12.5,2767
2026-03-28T01:40:18,true,82.88,12.6,2780
2026-03-28T01:41:12,true,83.00,12.4,2756
2026-03-29T00:00:00,true,43.76,11.8,2546
2026-03-29T00:05:06,true,44.28,12.3,2646
2026-03-29T00:10:12,true,44.86,12.5,2751
2026-03-29T00:15:16,true,45.42,12.1,2654
2026-03-29T00:20:21,true,45.98,12.5,2749
2026-03-29T00:25:24,true,46.54,12.4,2752
2026-03-29T00:30:49,true,47.18,12.4,2747
2026-03-29T00:34:13,true,47.56,12.4,2746
2026-03-30T00:00:00,true,47.66,12.3,2740
2026-03-30T00:05:23,true,48.28,12.1,2646
2026-03-30T00:10:41,true,48.88,12.3,2662
2026-03-30T00:15:58,true,49.46,12.2,2656
2026-03-30T00:21:06,true,50.04,12.3,2659
2026-03-30T00:26:29,true,50.60,12.2,2651
2026-03-30T00:31:41,true,51.40,12.2,2666
2026-03-30T00:36:45,true,51.92,12.1,2650
2026-03-30T00:42:01,true,52.50,12.2,2677
2026-03-30T00:45:49,true,52.90,12.3,2658
2026-03-31T00:00:00,true,52.98,12.3,2664
2026-03-31T00:05:15,true,53.58,12.3,2661
2026-03-31T00:10:27,true,54.12,12.3,2655
2026-03-31T00:15:30,true,54.66,12.3,2660
2026-03-31T00:20:36,true,55.20,12.2,2650
2026-03-31T00:25:46,true,55.74,12.2,2654
2026-03-31T00:30:56,true,56.26,12.1,2652
2026-03-31T00:36:05,true,56.82,12.2,2640
2026-03-31T00:41:08,true,57.36,12.2,2654
2026-03-31T00:46:19,true,57.90,12.2,2657
2026-03-31T00:51:38,true,58.44,12.3,2665
2026-03-31T00:56:53,true,59.00,12.4,2666
2026-03-31T01:02:08,true,59.54,12.2,2662
2026-03-31T01:07:20,true,60.10,12.3,2684
2026-03-31T01:12:35,true,60.64,12.3,2661
2026-03-31T01:17:47,true,61.20,12.1,2663
2026-03-31T01:23:03,true,61.92,12.5,2772
2026-03-31T01:28:13,true,62.32,12.4,2766
2026-03-31T01:33:41,true,63.08,12.6,2787
2026-03-31T01:34:08,true,63.14,12.5,2775
2026-04-01T00:00:00,true,63.22,12.5,2774
2026-04-01T00:05:00,true,63.76,12.6,2768
2026-04-01T00:10:06,true,64.32,12.5,2752
2026-04-01T00:15:08,true,64.86,12.3,2683
2026-04-01T00:20:16,true,65.40,12.5,2774
2026-04-01T00:25:26,true,65.98,12.5,2794
2026-04-01T00:30:42,true,66.56,12.4,2766
2026-04-01T00:35:57,true,67.16,12.5,2774
2026-04-01T00:40:58,true,67.70,12.5,2761
2026-04-01T00:46:12,true,68.28,12.6,2773
2026-04-01T00:49:24,true,68.64,12.5,2767
2026-04-02T00:00:00,true,68.74,12.5,2765
2026-04-02T00:05:02,true,69.32,12.6,2780
2026-04-02T00:10:11,true,69.86,12.5,2771
2026-04-02T00:15:26,true,70.44,12.5,2767
2026-04-02T00:20:49,true,71.04,12.4,2762
2026-04-02T00:26:07,true,71.64,12.4,2772
2026-04-02T00:31:28,true,72.22,12.6,2793
2026-04-02T00:36:46,true,72.82,12.5,2785
2026-04-02T00:42:07,true,73.42,12.4,2761
2026-04-02T00:47:29,true,73.90,12.4,2757
2026-04-02T00:52:53,true,74.48,12.4,2738
2026-04-02T00:58:16,true,75.06,6.2,
2026-04-03T00:00:00,true,75.44,12.3,2712
2026-04-03T00:05:19,true,75.90,12.5,2762
2026-04-03T00:10:37,true,76.46,12.5,2751
2026-04-03T00:15:54,true,77.04,12.5,2772
2026-04-03T00:21:14,true,77.64,12.5,2764
2026-04-03T00:26:34,true,78.22,12.6,2777
2026-04-03T00:31:53,true,78.80,12.4,2769
2026-04-03T00:37:14,true,79.40,12.6,2788
2026-04-03T00:42:37,true,79.98,12.4,2772
2026-04-03T00:47:54,true,80.64,12.5,2782
2026-04-03T00:53:13,true,81.14,12.5,2779
2026-04-03T00:58:34,true,81.72,12.5,2761
2026-04-03T01:03:55,true,82.34,12.5,2764
2026-04-03T01:09:14,true,82.96,12.4,2765
2026-04-03T01:14:31,true,83.60,12.4,2772
2026-04-03T01:19:51,true,84.20,12.4,2759
2026-04-03T01:24:52,true,84.78,12.5,2783
2026-04-03T01:30:13,true,85.42,12.4,2769
2026-04-03T01:35:31,true,86.02,12.6,2780
2026-04-03T01:40:31,true,86.58,12.6,2778
2026-04-03T01:45:55,true,87.22,12.5,2768
2026-04-03T01:50:28,true,87.74,12.6,2782
2026-04-04T00:00:00,true,47.72,11.9,2574
2026-04-04T00:05:24,true,48.30,12.2,2664
2026-04-04T00:10:37,true,49.10,12.2,2645
2026-04-04T00:15:59,true,49.68,12.4,2665
2026-04-04T00:21:10,true,50.26,12.2,2646
2026-04-04T00:26:12,true,50.78,12.2,2650
2026-04-04T00:31:20,true,51.36,12.2,2654
2026-04-04T00:36:21,true,51.90,12.1,2646
2026-04-04T00:41:41,true,52.48,12.2,2662
2026-04-04T00:47:01,true,53.02,12.2,2658
2026-04-04T00:52:02,true,53.60,12.2,2651
2026-04-04T00:57:07,true,54.12,12.4,2654
2026-04-04T01:02:55,true,54.74,12.2,2662
2026-04-04T01:03:48,true,54.84,12.1,2641
2026-04-05T00:00:00,true,54.92,12.4,2708
2026-04-05T00:05:06,true,55.48,12.5,2752
2026-04-05T00:10:17,true,56.24,12.1,2669
2026-04-05T00:15:21,true,56.76,12.2,2656
2026-04-05T00:20:26,true,57.32,12.1,2663
2026-04-05T00:25:27,true,57.84,12.2,2662
2026-04-05T00:30:28,true,58.38,12.2,2670
2026-04-05T00:35:36,true,58.90,12.2,2664
2026-04-05T00:41:04,true,59.50,12.5,2761
2026-04-05T00:46:32,true,60.08,12.5,2774
2026-04-05T00:51:44,true,60.66,12.5,2764
2026-04-05T00:56:47,true,61.22,12.4,2765
2026-04-05T01:02:03,true,61.80,12.4,2763
2026-04-05T01:07:08,true,62.34,12.5,2750
2026-04-05T01:12:10,true,62.90,12.5,2763
2026-04-05T01:17:27,true,63.48,12.5,2778
2026-04-05T01:22:44,true,64.06,12.2,2670
2026-04-05T01:27:55,true,64.76,12.4,2732
2026-04-05T01:33:02,true,65.20,12.5,2768
2026-04-05T01:38:08,true,65.76,12.4,2754
2026-04-05T01:43:16,true,66.34,12.5,2760
2026-04-05T01:48:30,true,66.90,12.2,2656
2026-04-05T01:53:49,true,67.64,12.4,2756
2026-04-05T01:58:53,true,68.08,12.0,2646
2026-04-05T02:03:57,true,68.60,12.5,2772
2026-04-05T02:04:28,true,68.66,12.1,2646
2026-04-06T00:00:00,true,68.74,12.1,2641
2026-04-06T00:05:12,true,69.46,12.0,2646
2026-04-06T00:10:32,true,70.02,12.5,2763
2026-04-06T00:15:46,true,70.46,12.5,2759
2026-04-06T00:20:57,true,71.02,12.4,2758
2026-04-06T00:26:13,true,71.62,12.3,2720
2026-04-06T00:31:29,true,72.20,12.5,2762
2026-04-06T00:36:51,true,72.92,12.1,2665
2026-04-06T00:42:08,true,73.38,12.1,2664
2026-04-06T00:46:54,true,73.90,12.4,2752
2026-04-07T00:00:00,true,74.00,12.4,2725
2026-04-07T00:05:17,true,74.56,12.4,2731
2026-04-07T00:10:38,true,75.16,12.5,2755
2026-04-07T00:15:57,true,75.72,12.1,2656
2026-04-07T00:21:14,true,76.28,12.0,2641
2026-04-07T00:26:30,true,76.82,12.4,2741
2026-04-07T00:31:52,true,77.42,12.2,2679
2026-04-07T00:37:12,true,78.00,12.4,2760
2026-04-07T00:42:28,true,78.58,12.5,2750
2026-04-07T00:47:44,true,79.16,12.4,2767
2026-04-07T00:53:05,true,79.74,12.4,2782
2026-04-07T00:58:12,true,80.30,12.4,2776
2026-04-07T01:03:35,true,80.88,12.5,2759
2026-04-07T01:08:59,true,81.48,12.4,2749
2026-04-07T01:14:19,true,82.06,12.4,2744
2026-04-07T01:19:42,true,82.66,12.4,2758
2026-04-07T01:22:09,true,82.94,0.4,14
2026-04-08T00:00:00,true,84.02,12.6,2747
2026-04-08T00:05:18,true,84.62,12.6,2804
2026-04-08T00:10:38,true,85.24,12.3,2748
2026-04-08T00:15:59,true,85.86,12.6,2772
2026-04-08T00:21:22,true,86.48,12.6,2792
2026-04-08T00:26:24,true,87.04,12.0,2644
2026-04-08T00:31:42,true,87.66,12.6,2777
2026-04-08T00:37:08,true,88.28,12.2,2669
2026-04-08T00:42:32,true,88.90,12.5,2749
2026-04-08T00:44:00,true,89.08,12.1,2648
2026-04-09T00:00:00,true,89.18,12.1,2666
2026-04-09T00:05:24,true,89.78,12.1,2655
2026-04-09T00:10:45,true,90.38,12.1,2645
2026-04-09T00:16:11,true,90.98,12.0,2636
2026-04-09T00:21:25,true,91.58,12.4,2761
2026-04-09T00:26:43,true,92.18,12.5,2764
2026-04-09T00:32:07,true,92.78,11.9,2599
2026-04-09T00:37:31,true,93.38,12.0,2597
2026-04-09T00:40:51,true,93.74,12.6,2772
2026-04-10T00:00:00,true,42.62,12.2,2639
2026-04-10T00:05:22,true,43.22,12.1,2677
2026-04-10T00:10:34,true,43.78,12.3,2711
2026-04-10T00:15:47,true,44.38,12.5,2758
2026-04-10T00:21:04,true,44.96,12.4,2738
2026-04-10T00:26:24,true,45.60,12.4,2760
2026-04-10T00:31:33,true,46.18,12.3,2744
2026-04-10T00:36:46,true,46.78,12.4,2744
2026-04-10T00:42:01,true,47.38,12.5,2764
2026-04-10T00:47:13,true,47.98,12.5,2772
2026-04-10T00:52:29,true,48.56,12.4,2760
2026-04-10T00:57:43,true,49.18,12.6,2767
2026-04-10T01:03:07,true,49.80,12.5,2783
2026-04-10T01:05:00,true,50.00,0.0,1
2026-04-11T00:00:00,true,43.30,12.6,2771
2026-04-11T00:05:09,true,43.78,12.1,2658
2026-04-11T00:10:28,true,44.34,12.6,2764
2026-04-11T00:15:45,true,44.88,12.3,2726
2026-04-11T00:21:01,true,45.46,12.4,2719
2026-04-11T00:26:17,true,46.02,12.4,2741
2026-04-11T00:31:35,true,46.86,12.9,2806
2026-04-11T00:36:51,true,47.46,12.5,2734
2026-04-11T00:42:34,true,48.08,12.8,2851
2026-04-11T00:47:54,true,48.68,12.8,2859
2026-04-11T00:53:09,true,49.32,12.8,2849
2026-04-11T00:55:11,true,49.54,0.0,1
2026-04-12T00:00:00,true,40.22,12.4,2716
2026-04-12T00:05:04,true,40.78,12.5,2728
2026-04-12T00:10:07,true,41.36,12.5,2711
2026-04-12T00:15:07,true,41.90,12.6,2737
2026-04-12T00:20:12,true,42.48,12.4,2698
2026-04-12T00:25:15,true,43.26,12.4,2729
2026-04-12T00:30:39,true,43.64,12.5,2727
2026-04-12T00:36:04,true,44.24,12.3,2698
2026-04-12T00:41:04,true,44.98,12.3,2703
2026-04-12T00:42:27,true,45.16,12.3,2697
2026-04-13T00:00:00,true,45.74,12.4,2707
2026-04-13T00:05:27,true,46.32,12.3,2692
2026-04-13T00:10:51,true,46.94,12.6,2769
2026-04-13T00:15:51,true,47.50,12.4,2698
2026-04-13T00:20:53,true,48.06,12.4,2720
2026-04-13T00:26:18,true,48.66,12.3,2708
2026-04-13T00:31:19,true,49.26,12.3,2705
2026-04-13T00:36:20,true,49.82,12.6,2799
2026-04-13T00:41:21,true,50.40,12.3,2710
2026-04-13T00:46:22,true,50.96,12.7,2820
2026-04-13T00:51:50,true,51.60,12.6,2798
2026-04-13T00:56:54,true,52.18,12.7,2791
2026-04-13T01:01:55,true,52.76,12.6,2797
2026-04-13T01:06:58,true,53.36,12.7,2816
2026-04-13T01:12:04,true,53.94,12.6,2792
2026-04-13T01:17:31,true,54.54,12.2,2670
2026-04-13T01:22:33,true,55.08,12.3,2684
2026-04-13T01:27:57,true,55.68,12.3,2695
2026-04-13T01:33:19,true,56.40,12.3,2733
2026-04-13T01:38:19,true,56.96,12.3,2687
2026-04-13T01:43:20,true,57.36,12.7,2809
2026-04-13T01:48:21,true,58.08,12.6,2790
2026-04-13T01:53:23,true,58.62,12.3,2700
2026-04-13T01:55:14,true,58.82,12.3,2696
2026-04-14T00:00:00,true,60.60,12.4,2690
2026-04-14T00:05:09,true,61.16,12.2,2675
2026-04-14T00:10:34,true,61.74,12.4,2696
2026-04-14T00:15:34,true,62.28,12.2,2686
2026-04-14T00:20:35,true,62.82,12.4,2703
2026-04-14T00:25:36,true,63.38,12.3,2703
2026-04-14T00:31:28,true,64.04,12.7,2787
2026-04-14T00:36:34,true,64.60,12.5,2778
2026-04-14T00:41:34,true,65.20,12.7,2787
2026-04-14T00:46:49,true,65.80,12.7,2802
2026-04-14T00:52:15,true,66.42,12.6,2788
2026-04-14T00:57:18,true,66.98,12.1,2677
2026-04-14T01:02:21,true,67.58,12.6,2803
2026-04-14T01:07:42,true,68.20,0.0,0
2026-04-15T00:00:00,true,74.28,12.3,2720
2026-04-15T00:05:24,true,74.84,12.4,2713
2026-04-15T00:10:46,true,75.42,11.8,2580
2026-04-15T00:15:46,true,75.94,11.8,2587
2026-04-15T00:20:53,true,76.48,12.3,2681
2026-04-15T00:25:54,true,77.02,12.4,2688
2026-04-15T00:30:54,true,77.56,12.4,2700
2026-04-15T00:35:58,true,78.12,12.6,2772
2026-04-15T00:41:23,true,78.72,12.4,2687
2026-04-15T00:47:12,true,79.38,12.3,2686
2026-04-15T00:52:12,true,79.92,12.5,2735
2026-04-15T00:57:16,true,80.50,12.5,2794
2026-04-16T00:00:00,true,80.60,12.5,2788
2026-04-16T00:05:07,true,81.20,12.6,2763
2026-04-16T00:10:15,true,81.80,12.1,2675
2026-04-16T00:15:17,true,82.38,12.6,2740
2026-04-16T00:20:38,true,83.00,12.6,2780
2026-04-16T00:25:58,true,83.66,12.7,2771
2026-04-16T00:31:01,true,84.26,12.6,2784
2026-04-16T00:36:02,true,84.84,12.2,2677
2026-04-16T00:41:07,true,85.46,12.2,2720
2026-04-16T00:46:08,true,86.04,12.5,2783
2026-04-16T00:51:09,true,86.64,12.5,2776
2026-04-16T00:56:17,true,87.26,12.6,2749
2026-04-16T01:01:17,true,87.90,12.5,2768
2026-04-16T01:06:42,true,88.52,12.1,2636
2026-04-16T01:12:06,true,89.16,12.4,2766
2026-04-16T01:17:33,true,89.78,12.2,2709
2026-04-16T01:22:37,true,90.36,12.1,2650
2026-04-16T01:27:39,true,90.94,12.4,2721
2026-04-16T01:33:05,true,91.58,12.4,2781
2026-04-16T01:38:32,true,92.22,12.5,2754
2026-04-16T01:43:56,true,92.86,12.5,2767
2026-04-16T01:49:22,true,93.52,12.5,2765
2026-04-16T01:54:43,true,94.14,12.6,2778
2026-04-16T02:00:04,true,94.74,12.4,2770
2026-04-16T02:05:27,true,95.34,12.5,2753
2026-04-16T02:10:49,true,95.96,12.5,2761
2026-04-16T02:16:01,true,96.52,12.0,2639
2026-04-16T02:21:23,true,97.10,12.5,2755
2026-04-16T02:26:25,true,97.68,12.5,2758
2026-04-16T02:31:49,true,98.28,11.9,2613
2026-04-16T02:36:50,true,98.82,12.0,2629
2026-04-16T02:41:58,true,99.40,12.6,2777
2026-04-16T02:47:20,true,99.98,12.6,2711
2026-04-16T02:52:42,true,100.00,12.5,2761
2026-04-16T02:57:53,true,100.00,12.0,2603
2026-04-16T03:00:37,true,100.00,11.9,2590
2026-04-17T00:00:00,true,87.94,12.1,2660
2026-04-17T00:05:04,true,88.48,12.3,2714
2026-04-17T00:10:04,true,89.06,12.6,2776
2026-04-17T00:15:29,true,89.68,12.2,2646
2026-04-17T00:20:31,true,90.24,12.1,2638
2026-04-17T00:25:34,true,90.82,12.4,2726
2026-04-17T00:30:36,true,91.38,0.0,1
2026-04-18T00:00:00,true,17.30,12.2,2670
2026-04-18T00:05:05,true,17.82,12.2,2665
2026-04-18T00:10:12,true,17.96,12.5,2735
2026-04-18T00:15:38,true,18.54,12.5,2733
2026-04-18T00:20:42,true,19.10,12.6,2722
2026-04-18T00:25:47,true,19.64,12.6,2714
2026-04-18T00:30:50,true,20.18,12.6,2737
2026-04-18T00:35:55,true,20.72,12.6,2732
2026-04-18T00:40:57,true,21.28,12.7,2750
2026-04-18T00:46:04,true,21.82,12.6,2744
2026-04-18T00:51:10,true,22.06,12.6,2730
2026-04-18T00:56:11,true,22.60,12.6,2744
2026-04-18T01:01:17,true,23.18,12.5,2738
2026-04-18T01:06:23,true,23.72,12.6,2740
2026-04-18T01:11:31,true,24.28,12.5,2723
2026-04-18T01:16:33,true,24.84,12.9,2841
2026-04-18T01:21:34,true,25.42,12.8,2833
2026-04-18T01:26:39,true,25.98,12.8,2827
2026-04-18T01:31:42,true,26.54,12.7,2843
2026-04-18T01:36:45,true,27.12,12.8,2839
2026-04-18T01:41:48,true,27.66,12.8,2832
2026-04-18T01:46:51,true,28.20,12.4,2748
2026-04-18T01:51:55,true,28.74,12.5,2740
2026-04-18T01:56:58,true,29.30,12.8,2845
2026-04-18T02:02:23,true,29.86,12.5,2738
2026-04-18T02:07:25,true,30.38,12.4,2729
2026-04-18T02:12:50,true,30.96,12.4,2727
2026-04-18T02:17:50,true,31.50,12.6,2712
2026-04-18T02:22:58,true,32.02,12.5,2735
2026-04-18T02:28:05,true,32.56,12.5,2724
2026-04-18T02:33:09,true,33.10,12.4,2726
2026-04-18T02:35:03,true,33.30,12.8,2833
2026-04-19T00:00:00,true,33.72,12.8,2835
2026-04-19T00:05:03,true,34.24,12.8,2833
2026-04-19T00:10:07,true,34.78,12.8,2827
2026-04-19T00:15:11,true,35.34,12.5,2741
2026-04-19T00:20:16,true,35.90,12.5,2729
2026-04-19T00:25:17,true,36.42,12.5,2732
2026-04-19T00:30:17,true,36.94,12.5,2730
2026-04-19T00:35:20,true,37.48,12.5,2726
2026-04-19T00:40:46,true,38.06,12.5,2735
2026-04-19T00:45:46,true,38.60,12.5,2757
2026-04-19T00:50:49,true,39.16,12.5,2747
2026-04-20T00:00:00,true,39.28,12.5,2748
2026-04-20T00:05:02,true,39.82,12.5,2759
2026-04-20T00:10:08,true,40.40,12.8,2806
2026-04-20T00:15:17,true,40.96,12.8,2848
2026-04-20T00:20:22,true,41.56,12.8,2830
2026-04-20T00:25:22,true,42.10,12.8,2820
2026-04-20T00:30:24,true,42.68,12.7,2832
2026-04-20T00:35:29,true,43.26,12.8,2842
2026-04-20T00:40:33,true,43.84,12.8,2822
2026-04-20T00:45:35,true,44.40,12.8,2840
2026-04-20T00:51:01,true,45.04,12.8,2824
2026-04-20T00:56:03,true,45.60,12.8,2854
2026-04-20T01:01:08,true,46.18,12.8,2852
2026-04-20T01:06:14,true,46.76,12.8,2832
2026-04-20T01:11:18,true,47.38,12.8,2846
2026-04-20T01:16:23,true,47.96,12.9,2849
2026-04-20T01:21:23,true,48.52,12.9,2870
2026-04-20T01:26:23,true,49.14,12.7,2854
2026-04-20T01:28:41,true,49.40,12.8,2850
2026-04-21T00:00:00,true,49.50,12.8,2845
2026-04-21T00:05:04,true,50.08,12.9,2862
2026-04-21T00:10:08,true,50.68,12.8,2846
2026-04-21T00:15:16,true,51.30,12.6,2814
2026-04-21T00:20:20,true,51.88,12.6,2812
2026-04-21T00:25:25,true,52.48,12.6,2806
2026-04-21T00:30:31,true,53.08,12.6,2814
2026-04-21T00:35:39,true,53.72,12.7,2800
2026-04-21T00:40:44,true,54.30,12.7,2821
2026-04-21T00:45:47,true,54.90,12.7,2828
2026-04-21T00:50:51,true,55.50,12.7,2826
2026-04-21T00:55:57,true,56.10,12.7,2822
2026-04-21T01:01:02,true,56.68,12.7,2844
2026-04-21T01:06:06,true,57.26,12.7,2831
2026-04-21T01:11:13,true,57.82,12.8,2845
2026-04-21T01:16:24,true,58.40,12.6,2805
2026-04-21T01:21:27,true,58.98,12.7,2832
2026-04-21T01:26:34,true,59.56,12.6,2823
2026-04-21T01:31:38,true,60.12,12.6,2825
2026-04-21T01:36:41,true,60.68,12.8,2822
2026-04-21T01:41:46,true,61.24,12.3,2690
2026-04-21T01:46:50,true,61.78,12.3,2699
2026-04-21T01:51:56,true,62.34,12.3,2707
2026-04-21T01:57:06,true,62.90,12.8,2819
2026-04-21T02:02:07,true,63.50,12.7,2818
2026-04-21T02:07:11,true,64.08,12.6,2793
2026-04-21T02:12:14,true,64.68,12.5,2785
2026-04-21T02:17:21,true,65.28,12.6,2788
2026-04-21T02:22:24,true,65.88,12.7,2816
2026-04-21T02:27:29,true,66.46,12.6,2798
2026-04-21T02:32:38,true,67.06,12.6,2803
2026-04-21T02:37:45,true,67.66,12.6,2814
2026-04-21T02:42:48,true,68.26,12.6,2810
2026-04-21T02:47:56,true,68.70,12.6,2805
2026-04-21T02:53:05,true,69.32,12.6,2809
2026-04-21T02:58:08,true,69.90,12.6,2808
2026-04-21T03:03:12,true,70.48,12.6,2810
2026-04-21T03:08:18,true,71.06,12.5,2790
2026-04-21T03:13:23,true,71.64,12.5,2775
2026-04-21T03:18:28,true,72.22,12.5,2765
2026-04-21T03:23:34,true,72.78,12.6,2779
2026-04-21T03:28:38,true,73.36,12.4,2669
2026-04-22T00:00:00,true,73.46,12.5,2767
2026-04-22T00:05:04,true,74.02,12.5,2768
2026-04-22T00:10:05,true,74.58,12.5,2781
2026-04-22T00:15:06,true,75.16,12.5,2787
2026-04-22T00:20:08,true,75.72,12.6,2797
2026-04-22T00:25:14,true,76.28,12.6,2800
2026-04-22T00:30:20,true,76.86,12.7,2784
2026-04-22T00:35:23,true,77.44,12.7,2803
2026-04-22T00:40:26,true,78.00,12.6,2782
2026-04-22T00:45:34,true,78.46,12.6,2791
2026-04-22T00:50:43,true,79.04,12.5,2758
2026-04-22T00:55:47,true,79.60,12.5,2754
2026-04-22T01:01:01,true,80.18,12.5,2773
2026-04-22T01:06:06,true,80.74,12.5,2759
2026-04-22T01:11:09,true,81.30,12.5,2781
2026-04-22T01:16:13,true,81.88,12.5,2778
2026-04-22T01:21:19,true,82.50,12.5,2783
2026-04-22T01:26:21,true,83.12,12.6,2783
2026-04-22T01:31:32,true,83.72,12.6,2774
2026-04-22T01:36:34,true,84.32,12.2,2757
2026-04-22T01:41:35,true,84.92,12.6,2797
2026-04-22T01:46:38,true,85.52,12.6,2772
2026-04-22T01:51:43,true,86.12,12.5,2790
2026-04-22T01:56:46,true,86.72,12.4,2752
2026-04-22T02:01:48,true,87.34,12.4,2777
2026-04-22T02:06:52,true,87.92,12.3,2752
2026-04-22T02:11:58,true,88.50,12.4,2764
2026-04-22T02:17:02,true,89.10,12.4,2752
2026-04-22T02:22:08,true,89.70,12.4,2774
2026-04-22T02:27:11,true,90.28,12.3,2765
2026-04-22T02:32:16,true,90.88,12.3,2758
2026-04-22T02:37:17,true,91.46,12.4,2780
2026-04-22T02:42:23,true,92.06,12.4,2761
2026-04-22T02:47:24,true,92.62,12.6,2769
2026-04-22T02:52:30,true,93.20,12.5,2784
2026-04-22T02:57:35,true,93.80,12.4,2765
2026-04-22T03:02:43,true,94.38,12.5,2764
2026-04-22T03:07:44,true,94.90,12.5,2759
2026-04-22T03:12:46,true,95.44,12.5,2742
2026-04-22T03:18:11,true,95.98,12.4,2762
2026-04-22T03:23:38,true,96.56,12.4,2750
2026-04-22T03:29:05,true,97.12,12.5,2762
2026-04-22T03:34:07,true,97.66,12.5,2783
2026-04-22T03:39:08,true,98.18,11.9,2614
2026-04-22T03:44:08,true,98.68,12.4,2763
2026-04-22T03:49:13,true,99.22,12.5,2772
2026-04-22T03:54:38,true,99.80,12.5,2761
2026-04-22T03:59:38,true,100.00,12.5,2767
2026-04-22T04:04:43,true,100.00,12.5,2778
2026-04-22T04:09:43,true,100.00,7.8,1642
2026-04-22T04:12:30,true,100.00,7.8,1652
2026-04-23T00:00:00,true,42.90,12.0,2626
2026-04-23T00:05:06,true,43.70,12.4,2722
2026-04-23T00:10:13,true,44.24,12.7,2750
2026-04-23T00:15:22,true,44.82,12.4,2717
2026-04-23T00:20:31,true,45.40,12.6,2723
2026-04-23T00:25:40,true,45.96,12.4,2713
2026-04-23T00:30:46,true,46.52,12.8,2846
2026-04-23T00:35:54,true,47.10,12.3,2701
2026-04-23T00:41:00,true,47.66,12.9,2838
2026-04-23T00:46:06,true,48.24,12.9,2843
2026-04-23T00:51:12,true,48.80,12.4,2737
2026-04-23T00:56:18,true,49.38,12.9,2834
2026-04-23T01:01:25,true,49.94,12.8,2856
2026-04-23T01:06:32,true,50.52,12.9,2790
2026-04-23T01:11:38,true,51.06,12.5,2742
2026-04-23T01:16:44,true,51.64,12.7,2817
2026-04-23T01:21:50,true,52.38,12.5,2719
2026-04-23T01:26:59,true,52.96,12.4,2720
2026-04-23T01:32:05,true,53.50,12.3,2703
2026-04-23T01:37:11,true,54.06,12.3,2684
2026-04-23T01:42:17,true,54.58,12.7,2799
2026-04-23T01:47:24,true,55.16,12.2,2674
2026-04-23T01:52:35,true,55.72,12.6,2816
2026-04-23T01:57:41,true,56.28,12.8,2811
2026-04-23T02:02:48,true,56.84,12.8,2824
2026-04-23T02:07:54,true,57.42,12.7,2839
2026-04-23T02:13:00,true,57.98,12.7,2841
2026-04-23T02:18:07,true,58.54,12.5,2745
2026-04-23T02:23:15,true,59.08,12.3,2699
2026-04-23T02:28:22,true,59.66,12.3,2695
2026-04-23T02:33:28,true,60.22,12.4,2727
2026-04-23T02:38:35,true,60.76,12.3,2688
2026-04-23T02:43:41,true,61.34,12.8,2822
2026-04-23T02:48:46,true,61.90,12.8,2810
2026-04-23T02:53:53,true,62.50,12.8,2818
2026-04-23T02:59:00,true,63.08,12.6,2791
2026-04-23T03:04:07,true,63.82,12.5,2792
2026-04-23T03:09:14,true,64.22,12.3,2702
2026-04-23T03:14:20,true,64.80,12.5,2795
2026-04-23T03:19:27,true,65.38,12.1,2654
2026-04-23T03:24:33,true,65.96,12.2,2669
2026-04-23T03:29:40,true,66.50,12.2,2651
2026-04-23T03:34:47,true,67.06,12.2,2668
2026-04-23T03:39:53,true,67.62,12.1,2672
2026-04-23T03:45:00,true,68.18,12.1,2663
2026-04-23T03:50:07,true,68.74,12.2,2695
2026-04-23T03:55:14,true,69.32,12.7,2809
2026-04-23T04:00:21,true,69.88,12.5,2776
2026-04-23T04:05:27,true,70.46,12.5,2768
2026-04-23T04:10:34,true,71.02,12.4,2763
2026-04-23T04:15:40,true,71.62,12.4,2773
2026-04-23T04:20:45,true,72.16,12.5,2773
2026-04-23T04:25:53,true,72.72,12.4,2755
2026-04-23T04:30:59,true,73.30,12.4,2739
2026-04-23T04:36:07,true,73.86,12.1,2661
2026-04-23T04:41:14,true,74.40,12.2,2679
2026-04-23T04:46:16,true,74.94,12.6,2783
2026-04-23T04:51:23,true,75.52,12.5,2769
2026-04-23T04:56:30,true,76.08,12.6,2783
2026-04-23T05:01:37,true,76.64,12.3,2712
2026-04-23T05:06:43,true,77.20,12.2,2692
2026-04-23T05:11:50,true,77.76,12.5,2777
2026-04-23T05:16:57,true,78.32,12.5,2775
2026-04-23T05:22:03,true,78.88,12.5,2767
2026-04-23T05:27:10,true,79.48,12.5,2774
2026-04-23T05:32:28,true,80.06,12.5,2768
2026-04-23T05:37:35,true,80.62,12.5,2779
2026-04-23T05:42:36,true,81.20,12.5,2781
2026-04-23T05:47:42,true,81.80,12.4,2795
2026-04-23T05:52:49,true,82.40,12.5,2804
2026-04-23T05:57:55,true,83.02,12.6,2806
2026-04-23T06:03:01,true,83.64,12.6,2789
2026-04-23T06:05:46,true,83.96,12.6,2775
2026-04-24T00:00:00,true,84.06,12.6,2775
2026-04-24T00:05:05,true,84.66,12.5,2790
2026-04-24T00:10:12,true,85.30,12.5,2796
2026-04-24T00:15:18,true,85.90,12.6,2799
2026-04-24T00:20:25,true,86.52,12.5,2763
2026-04-24T00:25:32,true,87.14,12.5,2743
2026-04-24T00:30:42,true,87.74,12.4,2741
2026-04-24T00:35:48,true,88.34,12.4,2751
2026-04-24T00:40:59,true,88.94,12.4,2755
2026-04-24T00:45:51,true,89.54,12.5,2771
2026-04-25T00:00:00,true,89.62,12.4,2758
2026-04-25T00:05:11,true,90.24,12.4,2760
2026-04-25T00:10:18,true,90.82,12.4,2756
2026-04-25T00:15:25,true,91.44,12.4,2759
2026-04-25T00:20:32,true,92.04,12.4,2767
2026-04-25T00:25:38,true,92.64,12.4,2757
2026-04-25T00:30:45,true,93.24,12.6,2779
2026-04-25T00:35:51,true,93.84,12.5,2776
2026-04-25T00:40:56,true,94.40,12.5,2773
2026-04-25T00:46:03,true,94.94,12.4,2742
2026-04-25T00:51:08,true,95.50,12.4,2755
2026-04-25T00:56:14,true,96.04,12.4,2754
2026-04-25T01:01:22,true,96.58,12.4,2756
2026-04-25T01:06:29,true,97.12,12.1,2672
2026-04-25T01:11:35,true,97.68,12.5,2767
2026-04-25T01:16:42,true,98.22,12.4,2756
2026-04-25T01:21:49,true,98.76,12.4,2762
2026-04-25T01:26:54,true,99.32,12.5,2765
2026-04-25T01:32:00,true,99.86,12.6,2766
2026-04-25T01:37:06,true,100.00,11.9,2635
2026-04-25T01:42:11,true,100.00,7.8,1652
2026-04-25T01:42:59,true,100.00,7.8,1653
2026-04-26T00:00:00,true,60.24,12.4,2731
2026-04-26T00:05:18,true,60.78,12.4,2721
2026-04-26T00:10:35,true,61.38,12.4,2733
2026-04-26T00:15:51,true,61.94,12.4,2712
2026-04-26T00:21:07,true,62.50,12.4,2729
2026-04-26T00:26:22,true,63.10,12.7,2809
2026-04-26T00:31:34,true,63.68,12.7,2802
2026-04-26T00:36:50,true,64.26,12.4,2712
2026-04-26T00:42:08,true,64.84,12.7,2805
2026-04-26T00:47:24,true,65.44,12.6,2783
2026-04-26T00:52:40,true,66.02,12.2,2675
2026-04-26T00:57:53,true,66.58,12.7,2736
2026-04-26T01:03:09,true,67.18,12.2,2670
2026-04-26T01:08:27,true,67.74,12.6,2782
2026-04-26T01:13:42,true,68.26,12.2,2667
2026-04-26T01:19:03,true,68.68,12.3,2750
2026-04-26T01:24:45,true,69.12,12.7,2800
2026-04-26T01:30:02,true,69.56,12.7,2768
2026-04-26T01:35:18,true,70.00,12.2,2676
2026-04-26T01:40:32,true,70.46,12.3,2686
2026-04-26T01:45:48,true,70.96,12.2,2671
2026-04-26T01:51:05,true,71.40,12.3,2665
2026-04-26T01:55:07,true,71.94,12.4,2694
2026-04-27T00:00:00,true,33.36,12.1,2644
2026-04-27T00:05:17,true,33.90,12.3,2693
2026-04-27T00:10:37,true,34.46,12.6,2777
2026-04-27T00:15:38,true,35.02,12.3,2685
2026-04-27T00:21:07,true,35.62,12.3,2703
2026-04-27T00:26:37,true,36.20,12.4,2708
2026-04-27T00:31:58,true,36.76,12.3,2678
2026-04-27T00:37:24,true,37.36,12.3,2706
2026-04-27T00:42:50,true,37.96,12.8,2827
2026-04-27T00:48:11,true,38.56,12.6,2801
2026-04-27T00:53:38,true,39.20,12.4,2697
2026-04-27T00:58:39,true,39.74,12.6,2787
2026-04-27T01:04:07,true,40.36,12.6,2800
2026-04-27T01:09:27,true,40.96,12.6,2776
2026-04-27T01:14:50,true,41.58,12.2,2672
2026-04-27T01:20:15,true,42.18,12.7,2798
2026-04-27T01:25:37,true,43.00,12.5,2724
2026-04-27T01:31:00,true,43.64,12.4,2703
2026-04-27T01:36:26,true,44.22,12.6,2791
2026-04-27T01:41:45,true,44.82,12.5,2789
2026-04-27T01:47:04,true,45.42,12.5,2789
2026-04-27T01:52:26,true,46.04,12.5,2772
2026-04-27T01:57:43,true,46.64,12.6,2808
2026-04-27T02:03:07,true,47.26,12.5,2788
2026-04-27T02:08:23,true,47.86,12.6,2791
2026-04-27T02:13:39,true,48.44,12.6,2794
2026-04-27T02:19:01,true,49.06,12.5,2783
2026-04-27T02:20:01,true,49.20,0.0,1
2026-04-28T00:00:00,true,49.90,12.1,2663
2026-04-28T00:05:22,true,50.48,12.0,2638
2026-04-28T00:10:49,true,51.06,12.4,2746
2026-04-28T00:15:54,true,51.66,12.4,2750
2026-04-28T00:21:14,true,52.26,12.4,2746
2026-04-28T00:26:39,true,52.86,12.4,2748
2026-04-28T00:31:40,true,53.44,12.4,2738
2026-04-28T00:37:04,true,54.06,12.4,2741
2026-04-28T00:42:04,true,54.60,12.5,2754
2026-04-28T00:47:21,true,55.22,12.5,2757
2026-04-28T00:52:21,true,55.78,12.5,2762
2026-04-28T00:57:46,true,56.38,12.5,2772
2026-04-28T01:03:08,true,56.98,12.5,2765
2026-04-28T01:08:15,true,57.56,12.6,2776
2026-04-28T01:13:17,true,58.12,12.5,2779
2026-04-28T01:18:41,true,58.88,12.5,2776
2026-04-28T01:23:43,true,59.48,12.5,2789
2026-04-28T01:28:45,true,60.02,12.4,2747
2026-04-28T01:33:46,true,60.58,12.4,2754
2026-04-28T01:39:07,true,61.18,12.5,2753
2026-04-28T01:44:13,true,61.74,12.4,2786
2026-04-28T01:49:18,true,62.30,12.5,2771
2026-04-28T01:54:44,true,62.90,12.6,2784
2026-04-28T01:59:46,true,63.46,12.6,2776
2026-04-28T02:04:46,true,64.02,12.5,2762
2026-04-28T02:10:12,true,64.62,12.4,2757
2026-04-28T02:15:14,true,65.20,12.5,2788
2026-04-28T02:20:41,true,65.80,12.3,2756
2026-04-28T02:25:48,true,66.36,12.4,2760
2026-04-28T02:31:13,true,66.96,12.4,2756
2026-04-28T02:36:37,true,67.60,12.4,2756
2026-04-28T02:41:55,true,68.18,12.5,2761
2026-04-28T02:47:21,true,68.78,12.5,2781
2026-04-28T02:52:43,true,69.40,12.5,2761
2026-04-28T02:57:46,true,69.96,12.5,2772
2026-04-28T03:03:12,true,70.56,12.5,2757
2026-04-28T03:08:37,true,71.18,12.1,2655
2026-04-28T03:13:44,true,71.74,12.4,2748
2026-04-28T03:18:44,true,72.28,12.6,2747
2026-04-28T03:23:47,true,72.72,12.4,2759
2026-04-28T03:28:48,true,73.42,12.4,2745
2026-04-28T03:34:10,true,74.00,12.4,2754
2026-04-28T03:39:33,true,74.48,12.4,2770
2026-04-28T03:44:36,true,75.16,12.4,2757
2026-04-28T03:49:39,true,75.60,12.4,2753
2026-04-28T03:55:06,true,76.20,12.5,2771
2026-04-28T04:00:34,true,76.78,12.5,2772
2026-04-28T04:05:39,true,77.36,12.5,2757
2026-04-28T04:11:02,true,77.96,12.6,2780
2026-04-28T04:16:27,true,78.54,12.6,2776
2026-04-28T04:21:29,true,79.12,12.1,2673
2026-04-28T04:26:54,true,79.68,12.6,2791
2026-04-28T04:32:19,true,80.26,12.4,2755
2026-04-28T04:37:23,true,80.82,12.6,2780
2026-04-28T04:42:26,true,81.38,12.5,2755
2026-04-28T04:47:52,true,81.98,12.5,2767
2026-04-28T04:52:53,true,82.56,12.5,2761
2026-04-28T04:58:19,true,83.20,12.2,2672
2026-04-28T05:03:21,true,83.76,12.0,2612
2026-04-28T05:08:29,true,84.34,12.5,2751
2026-04-28T05:13:52,true,84.94,11.9,2646
2026-04-28T05:19:16,true,85.56,12.3,2620
2026-04-28T05:24:37,true,86.14,12.0,2634
2026-04-28T05:30:03,true,86.72,11.9,2602
2026-04-28T05:35:04,true,87.30,11.9,2624
2026-04-28T05:40:29,true,87.88,12.6,2760
2026-04-28T05:45:52,true,88.48,12.6,2769
2026-04-28T05:51:16,true,89.08,12.0,2620
2026-04-28T05:56:16,true,89.64,11.9,2610
2026-04-28T06:01:38,true,90.22,12.0,2629
2026-04-28T06:07:05,true,90.80,12.0,2616
2026-04-28T06:12:28,true,91.40,12.0,2626
2026-04-28T06:17:54,true,92.00,12.0,2613
2026-04-28T06:23:20,true,92.58,11.9,2604
2026-04-28T06:28:21,true,93.14,11.8,2583
2026-04-28T06:33:40,true,93.70,12.4,2757
2026-04-28T06:38:40,true,94.22,12.4,2751
2026-04-28T06:43:59,true,94.76,12.0,2641
2026-04-28T06:49:20,true,95.36,11.8,2599
2026-04-28T06:54:44,true,95.88,11.9,2618
2026-04-28T07:00:06,true,96.44,12.4,2761
2026-04-28T07:05:10,true,96.98,12.3,2740
2026-04-28T07:10:11,true,97.52,12.4,2740
2026-04-28T07:15:27,true,98.08,12.3,2730
2026-04-28T07:20:51,true,98.64,12.3,2743
2026-04-28T07:26:15,true,99.22,12.4,2752
2026-04-28T07:31:35,true,99.78,12.4,2760
2026-04-28T07:36:36,true,100.00,12.4,2760
2026-04-28T07:41:54,true,100.00,12.5,2749
2026-04-28T07:46:55,true,100.00,12.1,2626
2026-04-28T07:52:15,true,100.00,11.8,2735
2026-04-28T07:57:15,true,100.00,11.7,2581
2026-04-28T08:02:36,true,100.00,12.5,2744
2026-04-28T08:07:59,true,100.00,11.8,2598
2026-04-28T08:13:19,true,100.00,2.5,4
2026-04-28T08:18:21,true,100.00,7.9,1659
2026-04-28T08:23:47,true,100.00,7.3,1526
2026-04-28T08:29:09,true,100.00,7.2,1502
2026-04-28T08:34:09,true,100.00,12.3,2709
2026-04-28T08:38:16,true,100.00,0.0,1
2026-04-29T00:00:00,true,50.84,0.0,1
2026-04-29T00:05:17,true,51.38,12.3,2703
2026-04-29T00:10:45,true,51.98,12.1,2653
2026-04-29T00:15:52,true,52.54,12.1,2684
2026-04-29T00:20:57,true,53.10,12.1,2690
2026-04-29T00:26:00,true,53.68,12.4,2750
2026-04-29T00:31:23,true,54.30,12.5,2728
2026-04-29T00:36:25,true,54.86,12.5,2764
2026-04-29T00:41:29,true,55.46,12.5,2766
2026-04-29T00:46:53,true,56.10,12.5,2786
2026-04-29T00:51:54,true,56.66,12.6,2781
2026-04-29T00:56:56,true,57.24,12.4,2755
2026-04-29T01:02:02,true,57.98,12.5,2765
2026-04-29T01:07:05,true,58.56,12.4,2772
2026-04-29T01:12:07,true,59.14,12.4,2765
2026-04-29T01:17:07,true,59.70,12.3,2762
2026-04-29T01:22:11,true,60.26,12.4,2756
2026-04-29T01:27:35,true,60.88,12.5,2768
2026-04-29T01:32:40,true,61.48,12.5,2778
2026-04-29T01:38:02,true,62.08,12.6,2796
2026-04-29T01:43:02,true,62.64,12.5,2777
2026-04-29T01:48:13,true,63.24,12.4,2769
2026-04-29T01:53:13,true,63.82,12.5,2775
2026-04-29T01:58:13,true,64.38,12.6,2761
2026-04-29T02:03:36,true,65.14,12.3,2711
2026-04-29T02:08:42,true,65.70,12.5,2773
2026-04-29T02:14:08,true,66.18,12.5,2757
2026-04-29T02:16:55,true,66.62,12.1,2640
2026-04-30T00:00:00,true,66.72,12.1,2663
2026-04-30T00:05:03,true,67.28,12.2,2682
2026-04-30T00:10:08,true,67.86,12.4,2759
2026-04-30T00:15:34,true,68.44,12.1,2661
2026-04-30T00:20:37,true,69.00,12.6,2772
2026-04-30T00:25:41,true,69.56,12.5,2750
2026-04-30T00:30:42,true,70.12,12.1,2650
2026-04-30T00:35:42,true,70.66,12.1,2648
2026-04-30T00:38:55,true,71.00,0.0,1
2026-05-01T00:00:00,true,27.90,11.0,2662
2026-05-01T00:05:00,true,28.54,12.4,2783
2026-05-01T00:10:24,true,29.14,12.4,2806
2026-05-01T00:15:48,true,29.74,12.4,2780
2026-05-01T00:21:12,true,30.34,12.4,2770
2026-05-01T00:26:37,true,30.92,12.2,2677
2026-05-01T00:32:00,true,31.54,12.3,2765
2026-05-01T00:37:23,true,32.12,12.5,2778
2026-05-01T00:42:46,true,32.72,12.6,2802
2026-05-01T00:47:50,true,33.30,12.5,2764
2026-05-01T00:53:14,true,33.88,12.3,2762
2026-05-01T00:58:36,true,34.48,12.2,2681
2026-05-01T01:03:36,true,35.02,12.2,2675
2026-05-01T01:08:36,true,35.58,12.2,2657
2026-05-01T01:13:59,true,36.16,12.2,2652
2026-05-01T01:19:00,true,36.68,12.2,2680
2026-05-01T01:24:24,true,37.28,12.2,2667
2026-05-01T01:29:26,true,37.84,12.2,2678
2026-05-01T01:34:26,true,38.36,12.2,2673
2026-05-01T01:39:49,true,38.96,12.3,2674
2026-05-01T01:45:12,true,39.56,12.3,2688
2026-05-01T01:50:15,true,40.12,12.2,2675
2026-05-01T01:55:17,true,40.68,12.2,2660
2026-05-01T02:00:38,true,41.50,12.3,2682
2026-05-01T02:05:39,true,42.04,12.2,2673
2026-05-01T02:11:04,true,42.62,12.4,2696
2026-05-01T02:16:24,true,43.24,12.2,2672
2026-05-01T02:21:25,true,43.76,12.2,2668
2026-05-01T02:26:25,true,44.32,12.2,2678
2026-05-02T00:00:00,true,45.54,12.6,2746
2026-05-02T00:05:26,true,46.08,12.4,2679
2026-05-02T00:10:47,true,46.68,12.4,2675
2026-05-02T00:16:11,true,47.28,12.4,2685
2026-05-02T00:21:11,true,47.82,12.6,2688
2026-05-02T00:26:34,true,48.40,12.5,2686
2026-05-02T00:31:55,true,48.96,12.5,2668
2026-05-02T00:37:15,true,49.56,12.3,2667
2026-05-02T00:42:39,true,50.12,12.5,2717
2026-05-02T00:48:00,true,50.72,12.3,2674
2026-05-02T00:53:21,true,51.30,12.4,2698
2026-05-02T00:58:36,true,51.88,12.4,2695
2026-05-02T01:03:57,true,52.44,12.2,2672
2026-05-02T01:09:19,true,53.24,12.2,2684
2026-05-02T01:14:42,true,53.80,12.4,2694
2026-05-02T01:20:06,true,54.20,12.2,2680
2026-05-02T01:25:11,true,54.72,12.4,2717
2026-05-02T01:30:23,true,55.48,12.1,2670
2026-05-02T01:35:32,true,56.02,12.2,2677
2026-05-02T01:40:43,true,56.58,12.2,2714
2026-05-02T01:45:46,true,57.12,12.5,2687
2026-05-02T01:50:59,true,57.68,12.2,2668
2026-05-02T01:56:13,true,58.24,12.6,2786
2026-05-02T02:01:19,true,58.80,12.5,2772
2026-05-02T02:06:23,true,59.36,12.6,2784
2026-05-02T02:11:29,true,59.92,12.6,2797
2026-05-02T02:16:36,true,60.46,12.2,2700
2026-05-02T02:21:49,true,61.00,12.5,2746
2026-05-02T02:27:01,true,61.56,12.2,2679
2026-05-02T02:32:09,true,62.10,12.2,2677
2026-05-02T02:37:16,true,62.62,12.7,2803
2026-05-02T02:42:29,true,63.22,12.5,2776
2026-05-02T02:47:38,true,63.78,12.6,2792
2026-05-02T02:52:48,true,64.34,12.7,2793
2026-05-02T02:58:01,true,64.90,12.2,2681
2026-05-02T03:03:14,true,65.48,12.6,2802
2026-05-02T03:08:25,true,66.04,12.5,2787
2026-05-02T03:13:35,true,66.60,12.5,2769
2026-05-02T03:18:45,true,67.18,12.4,2769
2026-05-02T03:23:55,true,67.76,12.2,2712
2026-05-02T03:29:04,true,68.30,12.1,2631
2026-05-02T03:34:09,true,68.84,12.0,2640
2026-05-02T03:39:21,true,69.38,12.0,2681
2026-05-02T03:44:27,true,69.94,12.0,2631
2026-05-02T03:49:38,true,70.46,12.0,2633
2026-05-02T03:54:54,true,71.00,12.1,2638
2026-05-02T04:00:05,true,71.58,12.5,2770
2026-05-02T04:05:13,true,72.14,12.0,2654
2026-05-02T04:10:20,true,72.54,12.5,2772
2026-05-02T04:15:28,true,73.12,12.3,2673
2026-05-02T04:20:45,true,73.80,12.2,2695
2026-05-02T04:25:56,true,74.36,12.3,2732
2026-05-02T04:31:06,true,74.80,12.4,2743
2026-05-02T04:36:18,true,75.38,12.4,2730
2026-05-02T04:41:33,true,75.94,12.5,2762
2026-05-02T04:46:46,true,76.50,12.4,2742
2026-05-02T04:51:59,true,77.08,12.4,2760
2026-05-02T04:57:11,true,77.64,12.5,2771
2026-05-02T05:02:25,true,78.20,12.5,2783
2026-05-02T05:08:01,true,78.80,12.1,2670
2026-05-02T05:13:04,true,79.36,12.1,2646
2026-05-02T05:18:13,true,79.90,12.6,2777
2026-05-02T05:23:23,true,80.46,12.5,2758
2026-05-02T05:28:31,true,81.00,12.5,2764
2026-05-02T05:33:47,true,81.58,12.4,2742
2026-05-02T05:39:01,true,82.18,12.1,2670
2026-05-02T05:44:11,true,82.76,12.1,2671
2026-05-02T05:49:31,true,83.40,12.5,2768
2026-05-02T05:54:40,true,84.00,12.5,2750
2026-05-02T05:59:51,true,84.58,12.4,2787
2026-05-02T06:05:04,true,85.20,12.6,2763
2026-05-02T06:10:12,true,85.80,12.5,2767
2026-05-02T06:15:19,true,86.38,12.5,2770
2026-05-02T06:20:30,true,86.98,12.5,2784
2026-05-02T06:21:28,true,87.12,12.5,2774
2026-05-03T00:00:00,true,84.78,12.1,2673
2026-05-03T00:05:00,true,85.30,12.1,2675
2026-05-03T00:10:00,true,85.86,12.0,2666
2026-05-03T00:15:25,true,86.46,12.0,2684
2026-05-03T00:20:49,true,87.04,12.2,2713
2026-05-03T00:26:14,true,87.66,12.4,2760
2026-05-03T00:31:16,true,88.24,12.5,2729
2026-05-03T00:36:41,true,88.84,12.6,2779
2026-05-03T00:42:03,true,89.46,12.1,2669
2026-05-03T00:47:21,true,90.06,12.1,2667
2026-05-03T00:52:46,true,90.64,12.0,2636
2026-05-03T00:58:09,true,91.24,11.9,2607
2026-05-03T01:03:34,true,91.84,12.5,2756
2026-05-03T01:08:59,true,92.46,0.0,1
2026-05-03T01:14:21,true,92.62,12.1,2647
2026-05-03T01:19:44,true,92.86,12.2,2703
2026-05-03T01:25:06,true,93.20,11.9,2591
2026-05-03T01:30:27,true,93.58,11.9,2605
2026-05-03T01:35:50,true,93.98,12.0,2631
2026-05-03T01:41:14,true,94.38,12.0,2603
2026-05-03T01:46:38,true,94.86,12.5,2772
2026-05-03T01:52:00,true,95.34,12.5,2759
2026-05-03T01:52:27,true,95.38,12.5,2761
